sep=;
ACCELEROMETER X (m/s²);ACCELEROMETER Y (m/s²);ACCELEROMETER Z (m/s²);Time since start in ms ;YYYY-MO-DD HH-MI-SS_SSS
-3.4267;3.4159;8.4886;7;2021-05-03 21:27:30:455
-3.4267;3.4159;8.4886;58;2021-05-03 21:27:30:506
-4.291;2.9012;5.6491;108;2021-05-03 21:27:30:556
-4.291;2.9012;5.6491;158;2021-05-03 21:27:30:606
-9.2638;3.0448;1.7585;208;2021-05-03 21:27:30:656
-9.2638;3.0448;1.7585;258;2021-05-03 21:27:30:706
-9.2877;2.7096;0.6788;308;2021-05-03 21:27:30:756
-9.2877;2.7096;0.6788;358;2021-05-03 21:27:30:806
-11.1265;1.2157;-4.1288;409;2021-05-03 21:27:30:857
-11.1265;1.2157;-4.1288;458;2021-05-03 21:27:30:906
-9.3404;-0.671;-3.4872;508;2021-05-03 21:27:30:956
-9.3404;-0.671;-3.4872;558;2021-05-03 21:27:31:006
-11.7705;-0.3262;-7.8326;608;2021-05-03 21:27:31:056
-11.7705;-0.3262;-7.8326;657;2021-05-03 21:27:31:105
-10.741;0.3298;-4.3706;709;2021-05-03 21:27:31:157
-10.741;0.3298;-4.3706;757;2021-05-03 21:27:31:205
-6.5033;2.2619;-7.5884;807;2021-05-03 21:27:31:255
-6.5033;2.2619;-7.5884;857;2021-05-03 21:27:31:305
-2.3158;-1.2049;-6.7959;907;2021-05-03 21:27:31:355
-2.3158;-1.2049;-6.7959;958;2021-05-03 21:27:31:406
-5.0955;-2.7587;-8.5485;1008;2021-05-03 21:27:31:456
-5.0955;-2.7587;-8.5485;1061;2021-05-03 21:27:31:509
-3.0891;-1.7077;-10.1502;1108;2021-05-03 21:27:31:556
-3.0891;-1.7077;-10.1502;1158;2021-05-03 21:27:31:606
-0.9415;-2.718;-7.6172;1208;2021-05-03 21:27:31:656
-0.9415;-2.718;-7.6172;1258;2021-05-03 21:27:31:706
4.2252;-1.1666;-9.2069;1308;2021-05-03 21:27:31:756
4.2252;-1.1666;-9.2069;1358;2021-05-03 21:27:31:806
-0.6063;-3.8217;-11.8238;1407;2021-05-03 21:27:31:855
-0.6063;-3.8217;-11.8238;1457;2021-05-03 21:27:31:905
1.0313;-2.4714;-10.8996;1507;2021-05-03 21:27:31:955
1.0313;-2.4714;-10.8996;1557;2021-05-03 21:27:32:005
-6.52;1.3114;-10.1191;1608;2021-05-03 21:27:32:056
-6.52;1.3114;-10.1191;1658;2021-05-03 21:27:32:106
-4.528;0.3561;-9.8174;1708;2021-05-03 21:27:32:156
-4.528;0.3561;-9.8174;1758;2021-05-03 21:27:32:206
-6.6134;3.131;0.8272;1808;2021-05-03 21:27:32:256
-6.6134;3.131;0.8272;1858;2021-05-03 21:27:32:306
-0.3454;-0.0078;-12.0584;1908;2021-05-03 21:27:32:356
-0.3454;-0.0078;-12.0584;1957;2021-05-03 21:27:32:405
0.5788;-4.5639;-15.755;2008;2021-05-03 21:27:32:456
0.5788;-3.4028;-11.7328;2058;2021-05-03 21:27:32:506
-1.8968;-3.4028;-11.7328;2108;2021-05-03 21:27:32:556
-1.8968;-3.4028;-11.7328;2158;2021-05-03 21:27:32:606
-1.1833;-5.7563;-4.0713;2208;2021-05-03 21:27:32:656
7.1389;-4.6837;-8.9866;2258;2021-05-03 21:27:32:706
7.1389;-4.6837;-8.9866;2308;2021-05-03 21:27:32:756
7.1389;-4.6837;-8.9866;2359;2021-05-03 21:27:32:807
2.3721;-4.5304;-8.7376;2407;2021-05-03 21:27:32:855
2.3721;-4.5304;-8.7376;2457;2021-05-03 21:27:32:905
3.4494;-4.0085;-7.4208;2508;2021-05-03 21:27:32:956
3.4494;-4.0085;-7.4208;2557;2021-05-03 21:27:33:005
3.7368;-4.1354;-7.8183;2607;2021-05-03 21:27:33:055
3.7368;-4.1354;-7.8183;2658;2021-05-03 21:27:33:106
3.5476;-4.1282;-8.2181;2708;2021-05-03 21:27:33:156
3.5476;-4.1282;-8.2181;2758;2021-05-03 21:27:33:206
3.5404;-4.2719;-8.594;2808;2021-05-03 21:27:33:256
3.5404;-4.2719;-8.594;2857;2021-05-03 21:27:33:305
2.87;-3.9271;-8.2636;2909;2021-05-03 21:27:33:357
2.87;-3.9271;-8.2636;2958;2021-05-03 21:27:33:406
1.9818;-3.477;-9.2141;3008;2021-05-03 21:27:33:456
1.9818;-3.477;-9.2141;3058;2021-05-03 21:27:33:506
2.1494;-4.3341;-9.3218;3108;2021-05-03 21:27:33:556
2.1494;-4.3341;-9.3218;3158;2021-05-03 21:27:33:606
2.1446;-3.5153;-8.8478;3208;2021-05-03 21:27:33:656
2.1446;-3.5153;-8.8478;3257;2021-05-03 21:27:33:705
2.4726;-3.9199;-8.5126;3308;2021-05-03 21:27:33:756
2.4726;-3.9199;-8.5126;3358;2021-05-03 21:27:33:806
3.2052;-3.9438;-7.7919;3408;2021-05-03 21:27:33:856
3.2052;-3.9438;-7.7919;3458;2021-05-03 21:27:33:906
2.1877;-3.3597;-8.6586;3508;2021-05-03 21:27:33:956
2.1877;-3.3597;-8.6586;3558;2021-05-03 21:27:34:006
3.7391;-3.7499;-7.8614;3608;2021-05-03 21:27:34:056
3.7391;-3.7499;-7.8614;3658;2021-05-03 21:27:34:106
2.6378;-3.9486;-7.938;3708;2021-05-03 21:27:34:156
2.6378;-3.9486;-7.938;3758;2021-05-03 21:27:34:206
3.3154;-4.2479;-8.57;3807;2021-05-03 21:27:34:255
3.313;-4.2431;-8.1175;3858;2021-05-03 21:27:34:306
3.313;-4.2431;-8.1175;3908;2021-05-03 21:27:34:356
3.617;-4.2551;-8.2732;3958;2021-05-03 21:27:34:406
3.617;-4.2551;-8.2732;4008;2021-05-03 21:27:34:456
3.7008;-4.3197;-7.8709;4058;2021-05-03 21:27:34:506
3.7008;-4.3197;-7.8709;4108;2021-05-03 21:27:34:556
3.538;-4.37;-7.8326;4158;2021-05-03 21:27:34:606
3.538;-4.37;-7.8326;4208;2021-05-03 21:27:34:656
3.6123;-4.3652;-8.005;4258;2021-05-03 21:27:34:706
3.6123;-4.3652;-8.005;4308;2021-05-03 21:27:34:756
3.2076;-4.2312;-8.266;4358;2021-05-03 21:27:34:806
3.2076;-4.2312;-8.266;4408;2021-05-03 21:27:34:856
2.961;-4.0372;-8.3522;4458;2021-05-03 21:27:34:906
2.961;-4.0372;-8.3522;4508;2021-05-03 21:27:34:956
2.9874;-4.1306;-8.2947;4557;2021-05-03 21:27:35:005
2.9874;-4.1306;-8.2947;4608;2021-05-03 21:27:35:056
3.3465;-4.3533;-8.187;4658;2021-05-03 21:27:35:106
3.3465;-4.3533;-8.187;4707;2021-05-03 21:27:35:155
3.4878;-4.4035;-8.0912;4757;2021-05-03 21:27:35:205
3.4878;-4.4035;-8.0912;4807;2021-05-03 21:27:35:255
3.5883;-4.4251;-7.9619;4857;2021-05-03 21:27:35:305
3.5883;-4.4251;-7.9619;4907;2021-05-03 21:27:35:355
3.4351;-4.4993;-8.0002;4957;2021-05-03 21:27:35:405
3.4351;-4.4993;-8.0002;5008;2021-05-03 21:27:35:456
3.2244;-4.3892;-8.1247;5058;2021-05-03 21:27:35:506
3.2244;-4.3892;-8.1247;5108;2021-05-03 21:27:35:556
3.2388;-4.394;-8.1965;5158;2021-05-03 21:27:35:606
3.2388;-4.394;-8.1965;5208;2021-05-03 21:27:35:656
3.2651;-4.3652;-8.1128;5258;2021-05-03 21:27:35:706
3.2651;-4.3652;-8.1128;5308;2021-05-03 21:27:35:756
3.4183;-4.4323;-8.017;5358;2021-05-03 21:27:35:806
3.4183;-4.4323;-8.017;5408;2021-05-03 21:27:35:856
3.4016;-4.4083;-8.0649;5458;2021-05-03 21:27:35:906
3.4016;-4.4083;-8.0649;5508;2021-05-03 21:27:35:956
3.4135;-4.4179;-8.0792;5558;2021-05-03 21:27:36:006
3.4135;-4.4179;-8.0792;5608;2021-05-03 21:27:36:056
3.3226;-4.4059;-8.084;5658;2021-05-03 21:27:36:106
3.3226;-4.4059;-8.084;5708;2021-05-03 21:27:36:156
3.4303;-4.4873;-8.0218;5758;2021-05-03 21:27:36:206
3.4303;-4.4873;-8.0218;5807;2021-05-03 21:27:36:255
3.5021;-4.4586;-7.9547;5858;2021-05-03 21:27:36:306
3.5021;-4.4586;-7.9547;5908;2021-05-03 21:27:36:356
3.3609;-4.5113;-8.005;5958;2021-05-03 21:27:36:406
3.3609;-4.5113;-8.005;6008;2021-05-03 21:27:36:456
3.459;-4.461;-8.0792;6058;2021-05-03 21:27:36:506
3.459;-4.461;-8.0792;6108;2021-05-03 21:27:36:556
3.5356;-4.3892;-8.1128;6159;2021-05-03 21:27:36:607
3.5356;-4.3892;-8.1128;6208;2021-05-03 21:27:36:656
3.4734;-4.4682;-7.9739;6258;2021-05-03 21:27:36:706
3.4734;-4.4682;-7.9739;6308;2021-05-03 21:27:36:756
3.4351;-4.3533;-8.096;6358;2021-05-03 21:27:36:806
3.4351;-4.3533;-8.096;6408;2021-05-03 21:27:36:856
3.4111;-4.3772;-8.108;6458;2021-05-03 21:27:36:906
3.4111;-4.3772;-8.108;6508;2021-05-03 21:27:36:956
3.4159;-4.3628;-8.1511;6558;2021-05-03 21:27:37:006
3.4159;-4.3628;-8.1511;6608;2021-05-03 21:27:37:056
3.2507;-4.3533;-8.1487;6658;2021-05-03 21:27:37:106
3.2507;-4.3533;-8.1487;6708;2021-05-03 21:27:37:156
3.3968;-4.2503;-8.108;6758;2021-05-03 21:27:37:206
3.3968;-4.2503;-8.108;6808;2021-05-03 21:27:37:256
3.3944;-4.3892;-8.1271;6858;2021-05-03 21:27:37:306
3.3944;-4.3892;-8.1271;6908;2021-05-03 21:27:37:356
3.3321;-4.37;-8.1295;6958;2021-05-03 21:27:37:406
3.3321;-4.37;-8.1295;7008;2021-05-03 21:27:37:456
3.313;-4.3509;-8.1535;7058;2021-05-03 21:27:37:506
3.313;-4.3509;-8.1535;7108;2021-05-03 21:27:37:556
3.3249;-4.2288;-8.1487;7158;2021-05-03 21:27:37:606
3.3249;-4.2288;-8.1487;7208;2021-05-03 21:27:37:656
3.368;-4.303;-8.1582;7258;2021-05-03 21:27:37:706
3.368;-4.303;-8.1582;7308;2021-05-03 21:27:37:756
3.3968;-4.3796;-8.1558;7358;2021-05-03 21:27:37:806
3.3968;-4.3796;-8.1558;7408;2021-05-03 21:27:37:856
3.2795;-4.2288;-8.1223;7458;2021-05-03 21:27:37:906
3.2795;-4.2288;-8.1223;7508;2021-05-03 21:27:37:956
3.4087;-4.1881;-8.1798;7558;2021-05-03 21:27:38:006
3.4087;-4.1881;-8.1798;7608;2021-05-03 21:27:38:056
3.2675;-4.4011;-8.187;7658;2021-05-03 21:27:38:106
3.2675;-4.4011;-8.187;7708;2021-05-03 21:27:38:156
3.2938;-4.3748;-8.2061;7758;2021-05-03 21:27:38:206
3.2938;-4.3748;-8.2061;7808;2021-05-03 21:27:38:256
3.2842;-4.2288;-8.1989;7858;2021-05-03 21:27:38:306
3.2842;-4.2288;-8.1989;7908;2021-05-03 21:27:38:356
3.2771;-4.2695;-8.2205;7958;2021-05-03 21:27:38:406
3.2771;-4.2695;-8.2205;8007;2021-05-03 21:27:38:455
3.2986;-4.2671;-8.163;8057;2021-05-03 21:27:38:505
3.2986;-4.2671;-8.163;8108;2021-05-03 21:27:38:556
3.289;-4.2934;-8.1894;8157;2021-05-03 21:27:38:605
3.289;-4.2934;-8.1894;8207;2021-05-03 21:27:38:655
3.2962;-4.2407;-8.2037;8257;2021-05-03 21:27:38:705
3.2962;-4.2407;-8.2037;8308;2021-05-03 21:27:38:756
3.2866;-4.2479;-8.2181;8358;2021-05-03 21:27:38:806
3.2866;-4.2479;-8.2181;8407;2021-05-03 21:27:38:855
3.313;-4.2383;-8.1965;8457;2021-05-03 21:27:38:905
3.313;-4.2383;-8.1965;8508;2021-05-03 21:27:38:956
3.2675;-4.2814;-8.2109;8558;2021-05-03 21:27:39:006
3.2675;-4.2814;-8.2109;8607;2021-05-03 21:27:39:055
3.313;-4.224;-8.2037;8657;2021-05-03 21:27:39:105
3.313;-4.224;-8.2037;8708;2021-05-03 21:27:39:156
3.2459;-4.2431;-8.1822;8758;2021-05-03 21:27:39:206
3.2459;-4.2431;-8.1822;8808;2021-05-03 21:27:39:256
3.2914;-4.2551;-8.1965;8858;2021-05-03 21:27:39:306
3.2914;-4.2551;-8.1965;8908;2021-05-03 21:27:39:356
3.289;-4.2719;-8.1894;8958;2021-05-03 21:27:39:406
3.289;-4.2719;-8.1894;9008;2021-05-03 21:27:39:456
3.2842;-4.2455;-8.1774;9058;2021-05-03 21:27:39:506
3.2842;-4.2455;-8.1774;9108;2021-05-03 21:27:39:556
3.289;-4.291;-8.1774;9158;2021-05-03 21:27:39:606
3.289;-4.291;-8.1774;9208;2021-05-03 21:27:39:656
3.3178;-4.3126;-8.2157;9258;2021-05-03 21:27:39:706
3.3178;-4.3126;-8.2157;9308;2021-05-03 21:27:39:756
3.3178;-4.3126;-8.2157;9357;2021-05-03 21:27:39:805
3.2795;-4.2455;-8.1798;9407;2021-05-03 21:27:39:855
3.2795;-4.2455;-8.1798;9458;2021-05-03 21:27:39:906
3.2771;-4.2647;-8.2205;9508;2021-05-03 21:27:39:956
3.2771;-4.2647;-8.2205;9558;2021-05-03 21:27:40:006
3.3178;-4.2455;-8.1798;9607;2021-05-03 21:27:40:055
3.3178;-4.2455;-8.1798;9658;2021-05-03 21:27:40:106
3.3154;-4.2886;-8.1942;9708;2021-05-03 21:27:40:156
3.3154;-4.2886;-8.1942;9758;2021-05-03 21:27:40:206
3.3058;-4.2216;-8.1702;9808;2021-05-03 21:27:40:256
3.3058;-4.2216;-8.1702;9858;2021-05-03 21:27:40:306
3.2699;-4.2383;-8.1726;9908;2021-05-03 21:27:40:356
3.2699;-4.2383;-8.1726;9958;2021-05-03 21:27:40:406
3.3656;-4.2407;-8.2085;10007;2021-05-03 21:27:40:455
3.3656;-4.2407;-8.2085;10058;2021-05-03 21:27:40:506
3.2819;-4.2647;-8.187;10108;2021-05-03 21:27:40:556
3.2819;-4.2647;-8.187;10158;2021-05-03 21:27:40:606
3.3202;-4.2647;-8.175;10208;2021-05-03 21:27:40:656
3.3202;-4.2647;-8.175;10258;2021-05-03 21:27:40:706
3.3106;-4.2599;-8.175;10308;2021-05-03 21:27:40:756
3.3106;-4.2599;-8.175;10358;2021-05-03 21:27:40:806
3.3489;-4.3054;-8.2133;10408;2021-05-03 21:27:40:856
3.3489;-4.3054;-8.2133;10458;2021-05-03 21:27:40:906
3.301;-4.2503;-8.1822;10507;2021-05-03 21:27:40:955
3.301;-4.2503;-8.1822;10558;2021-05-03 21:27:41:006
3.2842;-4.2479;-8.187;10608;2021-05-03 21:27:41:056
3.2842;-4.2479;-8.187;10658;2021-05-03 21:27:41:106
3.3249;-4.2551;-8.1774;10708;2021-05-03 21:27:41:156
3.3249;-4.2551;-8.1774;10758;2021-05-03 21:27:41:206
3.3034;-4.2503;-8.1822;10808;2021-05-03 21:27:41:256
3.3034;-4.2503;-8.1822;10858;2021-05-03 21:27:41:306
3.3154;-4.2431;-8.1989;10908;2021-05-03 21:27:41:356
3.3154;-4.2431;-8.1989;10958;2021-05-03 21:27:41:406
3.2986;-4.2814;-8.2373;11007;2021-05-03 21:27:41:455
3.2986;-4.2814;-8.2373;11057;2021-05-03 21:27:41:505
3.3297;-4.2288;-8.1774;11107;2021-05-03 21:27:41:555
3.3297;-4.2288;-8.1774;11158;2021-05-03 21:27:41:606
3.3106;-4.2312;-8.1894;11207;2021-05-03 21:27:41:655
3.3106;-4.2312;-8.1894;11257;2021-05-03 21:27:41:705
3.3249;-4.2527;-8.1822;11308;2021-05-03 21:27:41:756
3.3249;-4.2527;-8.1822;11358;2021-05-03 21:27:41:806
3.2795;-4.2766;-8.1822;11408;2021-05-03 21:27:41:856
3.2795;-4.2766;-8.1822;11457;2021-05-03 21:27:41:905
3.3489;-4.2503;-8.1343;11508;2021-05-03 21:27:41:956
3.3489;-4.2503;-8.1343;11558;2021-05-03 21:27:42:006
3.3034;-4.2575;-8.1702;11608;2021-05-03 21:27:42:056
3.3034;-4.2575;-8.1702;11658;2021-05-03 21:27:42:106
3.3345;-4.2503;-8.1894;11708;2021-05-03 21:27:42:156
3.3345;-4.2503;-8.1894;11758;2021-05-03 21:27:42:206
3.3249;-4.2695;-8.1774;11808;2021-05-03 21:27:42:256
3.3249;-4.2695;-8.1774;11858;2021-05-03 21:27:42:306
3.3249;-4.279;-8.1391;11907;2021-05-03 21:27:42:355
3.3249;-4.279;-8.1391;11957;2021-05-03 21:27:42:405
3.301;-4.2742;-8.163;12008;2021-05-03 21:27:42:456
3.301;-4.2742;-8.163;12057;2021-05-03 21:27:42:505
3.3202;-4.2383;-8.1582;12107;2021-05-03 21:27:42:555
3.3202;-4.2383;-8.1582;12157;2021-05-03 21:27:42:605
3.289;-4.2742;-8.1295;12207;2021-05-03 21:27:42:655
3.289;-4.2742;-8.1295;12258;2021-05-03 21:27:42:706
3.3561;-4.3054;-8.1774;12307;2021-05-03 21:27:42:755
3.3561;-4.3054;-8.1774;12358;2021-05-03 21:27:42:806
3.313;-4.2886;-8.175;12408;2021-05-03 21:27:42:856
3.313;-4.2886;-8.175;12458;2021-05-03 21:27:42:906
3.3297;-4.2766;-8.1774;12508;2021-05-03 21:27:42:956
3.3297;-4.2766;-8.1774;12558;2021-05-03 21:27:43:006
3.3154;-4.3054;-8.1702;12607;2021-05-03 21:27:43:055
3.3154;-4.3054;-8.1702;12658;2021-05-03 21:27:43:106
3.3561;-4.2838;-8.2157;12708;2021-05-03 21:27:43:156
3.3561;-4.2838;-8.2157;12758;2021-05-03 21:27:43:206
3.2866;-4.2096;-8.1822;12808;2021-05-03 21:27:43:256
3.2866;-4.2096;-8.1822;12857;2021-05-03 21:27:43:305
3.2866;-4.2766;-8.1918;12908;2021-05-03 21:27:43:356
3.2866;-4.2766;-8.1918;12958;2021-05-03 21:27:43:406
3.3321;-4.2599;-8.1774;13008;2021-05-03 21:27:43:456
3.3321;-4.2599;-8.1774;13058;2021-05-03 21:27:43:506
3.2986;-4.2527;-8.2013;13107;2021-05-03 21:27:43:555
3.2986;-4.2527;-8.2013;13158;2021-05-03 21:27:43:606
3.2986;-4.3293;-8.2037;13208;2021-05-03 21:27:43:656
3.2986;-4.3293;-8.2037;13258;2021-05-03 21:27:43:706
3.301;-4.1857;-8.2157;13308;2021-05-03 21:27:43:756
3.301;-4.1857;-8.2157;13358;2021-05-03 21:27:43:806
3.313;-4.2192;-8.1918;13407;2021-05-03 21:27:43:855
3.313;-4.2192;-8.1918;13458;2021-05-03 21:27:43:906
3.3178;-4.2359;-8.2013;13508;2021-05-03 21:27:43:956
3.3178;-4.2359;-8.2013;13558;2021-05-03 21:27:44:006
3.3154;-4.1833;-8.1846;13607;2021-05-03 21:27:44:055
3.3154;-4.1833;-8.1846;13657;2021-05-03 21:27:44:105
3.2747;-4.2814;-8.2253;13708;2021-05-03 21:27:44:156
3.2747;-4.2814;-8.2253;13758;2021-05-03 21:27:44:206
3.3058;-4.2264;-8.1894;13808;2021-05-03 21:27:44:256
3.3058;-4.2264;-8.1894;13858;2021-05-03 21:27:44:306
3.2723;-4.2551;-8.2013;13908;2021-05-03 21:27:44:356
3.2723;-4.2551;-8.2013;13958;2021-05-03 21:27:44:406
3.2842;-4.2742;-8.2205;14008;2021-05-03 21:27:44:456
3.2842;-4.2742;-8.2205;14058;2021-05-03 21:27:44:506
3.2675;-4.303;-8.2181;14108;2021-05-03 21:27:44:556
3.2675;-4.303;-8.2181;14158;2021-05-03 21:27:44:606
3.2483;-4.2862;-8.1894;14208;2021-05-03 21:27:44:656
3.2483;-4.2862;-8.1894;14258;2021-05-03 21:27:44:706
3.2268;-4.4251;-8.242;14308;2021-05-03 21:27:44:756
3.2268;-4.4251;-8.242;14358;2021-05-03 21:27:44:806
3.301;-4.1617;-8.175;14408;2021-05-03 21:27:44:856
3.301;-4.1617;-8.175;14458;2021-05-03 21:27:44:906
3.2555;-4.2431;-8.2133;14508;2021-05-03 21:27:44:956
3.2555;-4.2431;-8.2133;14558;2021-05-03 21:27:45:006
3.3058;-4.2312;-8.2109;14608;2021-05-03 21:27:45:056
3.3058;-4.2312;-8.2109;14658;2021-05-03 21:27:45:106
3.2651;-4.2671;-8.1846;14707;2021-05-03 21:27:45:155
3.2651;-4.2671;-8.1846;14757;2021-05-03 21:27:45:205
3.289;-4.2599;-8.1774;14808;2021-05-03 21:27:45:256
3.289;-4.2599;-8.1774;14858;2021-05-03 21:27:45:306
3.2507;-4.2551;-8.1942;14908;2021-05-03 21:27:45:356
3.2507;-4.2551;-8.1942;14957;2021-05-03 21:27:45:405
3.2914;-4.2407;-8.1798;15008;2021-05-03 21:27:45:456
3.2914;-4.2407;-8.1798;15058;2021-05-03 21:27:45:506
3.2603;-4.291;-8.2205;15108;2021-05-03 21:27:45:556
3.2603;-4.291;-8.2205;15158;2021-05-03 21:27:45:606
3.3226;-4.2312;-8.2085;15208;2021-05-03 21:27:45:656
3.3226;-4.2312;-8.2085;15258;2021-05-03 21:27:45:706
3.2842;-4.2958;-8.2013;15308;2021-05-03 21:27:45:756
3.2842;-4.2958;-8.2013;15358;2021-05-03 21:27:45:806
3.301;-4.3006;-8.1726;15408;2021-05-03 21:27:45:856
3.301;-4.3006;-8.1726;15458;2021-05-03 21:27:45:906
3.2842;-4.2814;-8.1894;15508;2021-05-03 21:27:45:956
3.2842;-4.2814;-8.1894;15558;2021-05-03 21:27:46:006
3.2866;-4.2742;-8.1822;15608;2021-05-03 21:27:46:056
3.2866;-4.2742;-8.1822;15658;2021-05-03 21:27:46:106
3.2388;-4.2934;-8.1487;15708;2021-05-03 21:27:46:156
3.2388;-4.2934;-8.1487;15758;2021-05-03 21:27:46:206
3.3609;-4.3293;-8.1822;15808;2021-05-03 21:27:46:256
3.3609;-4.3293;-8.1822;15858;2021-05-03 21:27:46:306
3.2459;-4.2312;-8.2229;15907;2021-05-03 21:27:46:355
3.2459;-4.2312;-8.2229;15957;2021-05-03 21:27:46:405
3.4159;-4.2551;-8.254;16008;2021-05-03 21:27:46:456
3.4159;-4.2551;-8.254;16058;2021-05-03 21:27:46:506
3.3417;-4.2431;-8.187;16108;2021-05-03 21:27:46:556
3.3417;-4.2431;-8.187;16158;2021-05-03 21:27:46:606
3.3489;-4.2814;-8.1942;16208;2021-05-03 21:27:46:656
3.3489;-4.2814;-8.1942;16258;2021-05-03 21:27:46:706
3.2986;-4.2671;-8.1463;16308;2021-05-03 21:27:46:756
3.2986;-4.2671;-8.1463;16358;2021-05-03 21:27:46:806
3.3082;-4.2766;-8.1918;16408;2021-05-03 21:27:46:856
3.3082;-4.2766;-8.1918;16458;2021-05-03 21:27:46:906
3.3489;-4.2335;-8.1702;16508;2021-05-03 21:27:46:956
3.3489;-4.2335;-8.1702;16558;2021-05-03 21:27:47:006
3.3178;-4.2719;-8.2013;16608;2021-05-03 21:27:47:056
3.3178;-4.2719;-8.2013;16658;2021-05-03 21:27:47:106
3.3417;-4.2599;-8.1606;16707;2021-05-03 21:27:47:155
3.3417;-4.2599;-8.1606;16757;2021-05-03 21:27:47:205
3.3561;-4.2742;-8.2325;16807;2021-05-03 21:27:47:255
3.3561;-4.2742;-8.2325;16858;2021-05-03 21:27:47:306
3.313;-4.2335;-8.1846;16908;2021-05-03 21:27:47:356
3.313;-4.2335;-8.1846;16958;2021-05-03 21:27:47:406
3.2962;-4.2575;-8.2037;17008;2021-05-03 21:27:47:456
3.2962;-4.2575;-8.2037;17058;2021-05-03 21:27:47:506
3.3297;-4.2479;-8.2085;17108;2021-05-03 21:27:47:556
3.3297;-4.2479;-8.2085;17158;2021-05-03 21:27:47:606
3.3513;-4.2503;-8.2061;17208;2021-05-03 21:27:47:656
3.3513;-4.2503;-8.2061;17258;2021-05-03 21:27:47:706
3.3226;-4.2;-8.1822;17308;2021-05-03 21:27:47:756
3.3226;-4.2;-8.1822;17358;2021-05-03 21:27:47:806
3.3249;-4.1905;-8.175;17408;2021-05-03 21:27:47:856
3.3249;-4.1905;-8.175;17458;2021-05-03 21:27:47:906
3.234;-4.2216;-8.1846;17507;2021-05-03 21:27:47:955
3.234;-4.2216;-8.1846;17558;2021-05-03 21:27:48:006
3.2651;-4.3102;-8.2373;17608;2021-05-03 21:27:48:056
3.2651;-4.3102;-8.2373;17658;2021-05-03 21:27:48:106
3.2579;-4.3126;-8.1942;17708;2021-05-03 21:27:48:156
3.2579;-4.3126;-8.1942;17757;2021-05-03 21:27:48:205
3.2435;-4.3485;-8.1846;17808;2021-05-03 21:27:48:256
3.2435;-4.3485;-8.1846;17858;2021-05-03 21:27:48:306
3.2866;-4.2599;-8.1606;17908;2021-05-03 21:27:48:356
3.2866;-4.2599;-8.1606;17958;2021-05-03 21:27:48:406
3.2507;-4.3149;-8.187;18008;2021-05-03 21:27:48:456
3.2507;-4.3149;-8.187;18058;2021-05-03 21:27:48:506
3.2866;-4.2766;-8.1654;18107;2021-05-03 21:27:48:555
3.2866;-4.2766;-8.1654;18158;2021-05-03 21:27:48:606
3.3273;-4.2958;-8.1535;18208;2021-05-03 21:27:48:656
3.3273;-4.2958;-8.1535;18258;2021-05-03 21:27:48:706
3.3178;-4.2814;-8.2229;18308;2021-05-03 21:27:48:756
3.3178;-4.2814;-8.2229;18358;2021-05-03 21:27:48:806
3.3034;-4.2455;-8.2037;18407;2021-05-03 21:27:48:855
3.3034;-4.2455;-8.2037;18458;2021-05-03 21:27:48:906
3.2388;-4.3652;-8.2468;18508;2021-05-03 21:27:48:956
3.2388;-4.3652;-8.2468;18558;2021-05-03 21:27:49:006
3.2771;-4.1426;-8.1151;18608;2021-05-03 21:27:49:056
3.2771;-4.1426;-8.1151;18658;2021-05-03 21:27:49:106
3.3154;-4.3892;-8.1774;18708;2021-05-03 21:27:49:156
3.3154;-4.3892;-8.1774;18758;2021-05-03 21:27:49:206
3.1981;-4.37;-8.1128;18808;2021-05-03 21:27:49:256
3.1981;-4.37;-8.1128;18858;2021-05-03 21:27:49:306
3.4925;-4.1521;-8.1726;18908;2021-05-03 21:27:49:356
3.4925;-4.1521;-8.1726;18958;2021-05-03 21:27:49:406
3.2483;-4.3916;-8.163;19008;2021-05-03 21:27:49:456
3.2483;-4.3916;-8.163;19058;2021-05-03 21:27:49:506
3.2364;-4.2527;-8.0888;19108;2021-05-03 21:27:49:556
3.2364;-4.2527;-8.0888;19158;2021-05-03 21:27:49:606
3.368;-4.2838;-8.187;19207;2021-05-03 21:27:49:655
3.368;-4.2838;-8.187;19258;2021-05-03 21:27:49:706
3.313;-4.2647;-8.1774;19308;2021-05-03 21:27:49:756
3.313;-4.2647;-8.1774;19358;2021-05-03 21:27:49:806
3.3417;-4.2886;-8.175;19408;2021-05-03 21:27:49:856
3.3417;-4.2886;-8.175;19458;2021-05-03 21:27:49:906
3.3106;-4.3293;-8.2229;19508;2021-05-03 21:27:49:956
3.3106;-4.3293;-8.2229;19557;2021-05-03 21:27:50:005
3.2507;-4.291;-8.2013;19608;2021-05-03 21:27:50:056
3.2507;-4.291;-8.2013;19657;2021-05-03 21:27:50:105
3.3609;-4.2072;-8.2205;19707;2021-05-03 21:27:50:155
3.3609;-4.2072;-8.2205;19758;2021-05-03 21:27:50:206
3.3082;-4.3054;-8.1894;19808;2021-05-03 21:27:50:256
3.3082;-4.3054;-8.1894;19858;2021-05-03 21:27:50:306
3.3106;-4.2671;-8.163;19908;2021-05-03 21:27:50:356
3.3106;-4.2671;-8.163;19958;2021-05-03 21:27:50:406
3.3106;-4.2288;-8.1582;20008;2021-05-03 21:27:50:456
3.3106;-4.2288;-8.1582;20058;2021-05-03 21:27:50:506
3.2938;-4.3054;-8.1678;20108;2021-05-03 21:27:50:556
3.2938;-4.3054;-8.1678;20158;2021-05-03 21:27:50:606
3.3178;-4.303;-8.163;20208;2021-05-03 21:27:50:656
3.3178;-4.303;-8.163;20258;2021-05-03 21:27:50:706
3.3537;-4.2719;-8.1942;20308;2021-05-03 21:27:50:756
3.3537;-4.2719;-8.1942;20357;2021-05-03 21:27:50:805
3.2459;-4.2431;-8.2157;20408;2021-05-03 21:27:50:856
3.2459;-4.2431;-8.2157;20458;2021-05-03 21:27:50:906
3.3297;-4.3006;-8.1989;20507;2021-05-03 21:27:50:955
3.3297;-4.3006;-8.1989;20558;2021-05-03 21:27:51:006
3.3297;-4.2575;-8.1678;20607;2021-05-03 21:27:51:055
3.3297;-4.2575;-8.1678;20657;2021-05-03 21:27:51:105
3.3537;-4.2719;-8.1894;20707;2021-05-03 21:27:51:155
3.3537;-4.2719;-8.1894;20758;2021-05-03 21:27:51:206
3.313;-4.2383;-8.1654;20808;2021-05-03 21:27:51:256
3.313;-4.2383;-8.1654;20858;2021-05-03 21:27:51:306
3.301;-4.2695;-8.1702;20908;2021-05-03 21:27:51:356
3.301;-4.2695;-8.1702;20958;2021-05-03 21:27:51:406
3.2938;-4.2264;-8.1511;21008;2021-05-03 21:27:51:456
3.2938;-4.2264;-8.1511;21058;2021-05-03 21:27:51:506
3.3321;-4.2671;-8.187;21108;2021-05-03 21:27:51:556
3.3321;-4.2671;-8.187;21158;2021-05-03 21:27:51:606
3.313;-4.2575;-8.1822;21207;2021-05-03 21:27:51:655
3.313;-4.2575;-8.1822;21257;2021-05-03 21:27:51:705
3.3249;-4.2575;-8.175;21307;2021-05-03 21:27:51:755
3.3249;-4.2575;-8.175;21358;2021-05-03 21:27:51:806
3.3082;-4.279;-8.1942;21408;2021-05-03 21:27:51:856
3.3082;-4.279;-8.1942;21458;2021-05-03 21:27:51:906
3.3226;-4.2479;-8.1918;21508;2021-05-03 21:27:51:956
3.3226;-4.2479;-8.1918;21558;2021-05-03 21:27:52:006
3.3154;-4.2766;-8.1846;21608;2021-05-03 21:27:52:056
3.3154;-4.2766;-8.1846;21658;2021-05-03 21:27:52:106
3.2771;-4.2766;-8.1247;21708;2021-05-03 21:27:52:156
3.2771;-4.2766;-8.1247;21758;2021-05-03 21:27:52:206
3.2914;-4.2862;-8.163;21808;2021-05-03 21:27:52:256
3.2914;-4.2862;-8.163;21857;2021-05-03 21:27:52:305
3.3297;-4.2599;-8.1726;21908;2021-05-03 21:27:52:356
3.3297;-4.2599;-8.1726;21957;2021-05-03 21:27:52:405
3.3178;-4.3102;-8.1965;22007;2021-05-03 21:27:52:455
3.3178;-4.3102;-8.1965;22058;2021-05-03 21:27:52:506
3.3178;-4.279;-8.1798;22108;2021-05-03 21:27:52:556
3.3178;-4.279;-8.1798;22158;2021-05-03 21:27:52:606
3.2938;-4.2599;-8.1726;22208;2021-05-03 21:27:52:656
3.2938;-4.2599;-8.1726;22258;2021-05-03 21:27:52:706
3.3513;-4.303;-8.1894;22308;2021-05-03 21:27:52:756
3.3513;-4.303;-8.1894;22358;2021-05-03 21:27:52:806
3.3417;-4.2742;-8.1606;22408;2021-05-03 21:27:52:856
3.3417;-4.2742;-8.1606;22457;2021-05-03 21:27:52:905
3.2914;-4.2503;-8.175;22507;2021-05-03 21:27:52:955
3.2914;-4.2503;-8.175;22558;2021-05-03 21:27:53:006
3.3345;-4.2647;-8.1343;22608;2021-05-03 21:27:53:056
3.3345;-4.2647;-8.1343;22658;2021-05-03 21:27:53:106
3.3178;-4.3126;-8.1415;22707;2021-05-03 21:27:53:155
3.3178;-4.3126;-8.1415;22758;2021-05-03 21:27:53:206
3.289;-4.2407;-8.2205;22808;2021-05-03 21:27:53:256
3.289;-4.2407;-8.2205;22857;2021-05-03 21:27:53:305
3.2866;-4.2766;-8.2229;22908;2021-05-03 21:27:53:356
3.2866;-4.2766;-8.2229;22958;2021-05-03 21:27:53:406
3.3968;-4.2312;-8.1846;23008;2021-05-03 21:27:53:456
3.3968;-4.2312;-8.1846;23058;2021-05-03 21:27:53:506
3.3202;-4.2719;-8.1487;23108;2021-05-03 21:27:53:556
3.3202;-4.2719;-8.1487;23158;2021-05-03 21:27:53:606
3.301;-4.291;-8.1918;23208;2021-05-03 21:27:53:656
3.301;-4.291;-8.1918;23257;2021-05-03 21:27:53:705
3.2866;-4.2838;-8.2037;23307;2021-05-03 21:27:53:755
3.2866;-4.2838;-8.2037;23358;2021-05-03 21:27:53:806
3.3058;-4.2192;-8.1726;23408;2021-05-03 21:27:53:856
3.3058;-4.2192;-8.1726;23457;2021-05-03 21:27:53:905
3.3585;-4.3078;-8.2205;23508;2021-05-03 21:27:53:956
3.3585;-4.3078;-8.2205;23557;2021-05-03 21:27:54:005
3.3082;-4.2024;-8.1726;23607;2021-05-03 21:27:54:055
3.3082;-4.2024;-8.1726;23658;2021-05-03 21:27:54:106
3.3369;-4.1833;-8.0792;23708;2021-05-03 21:27:54:156
3.3369;-4.1833;-8.0792;23758;2021-05-03 21:27:54:206
3.3369;-4.4849;-8.1367;23808;2021-05-03 21:27:54:256
3.3369;-4.4849;-8.1367;23857;2021-05-03 21:27:54:305
3.3393;-4.1665;-8.1989;23908;2021-05-03 21:27:54:356
3.3393;-4.1665;-8.1989;23958;2021-05-03 21:27:54:406
3.2412;-4.2671;-8.1798;24008;2021-05-03 21:27:54:456
3.2412;-4.2671;-8.1798;24058;2021-05-03 21:27:54:506
3.3297;-4.3221;-8.2205;24108;2021-05-03 21:27:54:556
3.3297;-4.3221;-8.2205;24158;2021-05-03 21:27:54:606
3.3752;-4.2312;-8.1726;24207;2021-05-03 21:27:54:655
3.3752;-4.2312;-8.1726;24258;2021-05-03 21:27:54:706
3.3249;-4.2599;-8.2109;24308;2021-05-03 21:27:54:756
3.3249;-4.2599;-8.2109;24358;2021-05-03 21:27:54:806
3.2866;-4.2383;-8.1535;24408;2021-05-03 21:27:54:856
3.2866;-4.2383;-8.1535;24458;2021-05-03 21:27:54:906
3.2747;-4.291;-8.163;24508;2021-05-03 21:27:54:956
3.2747;-4.291;-8.163;24557;2021-05-03 21:27:55:005
3.3513;-4.2431;-8.1582;24607;2021-05-03 21:27:55:055
3.3513;-4.2431;-8.1582;24657;2021-05-03 21:27:55:105
3.3537;-4.2431;-8.2133;24708;2021-05-03 21:27:55:156
3.3537;-4.2431;-8.2133;24758;2021-05-03 21:27:55:206
3.2699;-4.2695;-8.2037;24808;2021-05-03 21:27:55:256
3.2699;-4.2695;-8.2037;24858;2021-05-03 21:27:55:306
3.3345;-4.2766;-8.1846;24908;2021-05-03 21:27:55:356
3.3345;-4.2766;-8.1846;24958;2021-05-03 21:27:55:406
3.3226;-4.145;-8.0912;25008;2021-05-03 21:27:55:456
3.3226;-4.145;-8.0912;25058;2021-05-03 21:27:55:506
3.3393;-4.3509;-8.2133;25108;2021-05-03 21:27:55:556
3.3393;-4.3509;-8.2133;25158;2021-05-03 21:27:55:606
3.3968;-4.3221;-8.1918;25208;2021-05-03 21:27:55:656
3.3968;-4.3221;-8.1918;25257;2021-05-03 21:27:55:705
3.3034;-4.2288;-8.1367;25308;2021-05-03 21:27:55:756
3.3034;-4.2288;-8.1367;25358;2021-05-03 21:27:55:806
3.2579;-4.2192;-8.1942;25408;2021-05-03 21:27:55:856
3.2579;-4.2192;-8.1942;25458;2021-05-03 21:27:55:906
3.3345;-4.4155;-8.2229;25508;2021-05-03 21:27:55:956
3.3345;-4.4155;-8.2229;25558;2021-05-03 21:27:56:006
3.3441;-4.1737;-8.175;25608;2021-05-03 21:27:56:056
3.3441;-4.1737;-8.175;25657;2021-05-03 21:27:56:105
3.3202;-4.2383;-8.1678;25708;2021-05-03 21:27:56:156
3.3202;-4.2383;-8.1678;25758;2021-05-03 21:27:56:206
3.3226;-4.3054;-8.1726;25808;2021-05-03 21:27:56:256
3.3226;-4.3054;-8.1726;25857;2021-05-03 21:27:56:305
3.3202;-4.2886;-8.163;25908;2021-05-03 21:27:56:356
3.3202;-4.2886;-8.163;25958;2021-05-03 21:27:56:406
3.3465;-4.2742;-8.2061;26008;2021-05-03 21:27:56:456
3.3465;-4.2742;-8.2061;26058;2021-05-03 21:27:56:506
3.3321;-4.2623;-8.1654;26108;2021-05-03 21:27:56:556
3.3321;-4.2623;-8.1654;26157;2021-05-03 21:27:56:605
3.3226;-4.2862;-8.163;26207;2021-05-03 21:27:56:655
3.3226;-4.2862;-8.163;26258;2021-05-03 21:27:56:706
3.3178;-4.2671;-8.1439;26308;2021-05-03 21:27:56:756
3.3178;-4.2671;-8.1439;26358;2021-05-03 21:27:56:806
3.3154;-4.303;-8.2013;26408;2021-05-03 21:27:56:856
3.3154;-4.303;-8.2013;26458;2021-05-03 21:27:56:906
3.2986;-4.2455;-8.1726;26508;2021-05-03 21:27:56:956
3.2986;-4.2455;-8.1726;26558;2021-05-03 21:27:57:006
3.3034;-4.2671;-8.1774;26608;2021-05-03 21:27:57:056
3.3034;-4.2671;-8.1774;26658;2021-05-03 21:27:57:106
3.3585;-4.2623;-8.1726;26708;2021-05-03 21:27:57:156
3.3585;-4.2623;-8.1726;26757;2021-05-03 21:27:57:205
3.3034;-4.2742;-8.1822;26808;2021-05-03 21:27:57:256
3.3034;-4.2742;-8.1822;26858;2021-05-03 21:27:57:306
3.3249;-4.2599;-8.1702;26907;2021-05-03 21:27:57:355
3.3249;-4.2599;-8.1702;26957;2021-05-03 21:27:57:405
3.2938;-4.279;-8.1894;27008;2021-05-03 21:27:57:456
3.2938;-4.279;-8.1894;27057;2021-05-03 21:27:57:505
3.3154;-4.2575;-8.1846;27108;2021-05-03 21:27:57:556
3.3154;-4.2575;-8.1846;27157;2021-05-03 21:27:57:605
3.3249;-4.3173;-8.2013;27208;2021-05-03 21:27:57:656
3.3249;-4.3173;-8.2013;27258;2021-05-03 21:27:57:706
3.2507;-4.279;-8.1702;27308;2021-05-03 21:27:57:756
3.2507;-4.279;-8.1702;27358;2021-05-03 21:27:57:806
3.2962;-4.2503;-8.2085;27408;2021-05-03 21:27:57:856
3.2962;-4.2503;-8.2085;27457;2021-05-03 21:27:57:905
3.3441;-4.2383;-8.1822;27508;2021-05-03 21:27:57:956
3.3441;-4.2383;-8.1822;27558;2021-05-03 21:27:58:006
3.3297;-4.2575;-8.1822;27608;2021-05-03 21:27:58:056
3.3297;-4.2575;-8.1822;27658;2021-05-03 21:27:58:106
3.2962;-4.2623;-8.1894;27708;2021-05-03 21:27:58:156
3.2962;-4.2623;-8.1894;27758;2021-05-03 21:27:58:206
3.3273;-4.2527;-8.1918;27808;2021-05-03 21:27:58:256
3.3273;-4.2527;-8.1918;27858;2021-05-03 21:27:58:306
3.313;-4.2072;-8.1678;27908;2021-05-03 21:27:58:356
3.313;-4.2072;-8.1678;27958;2021-05-03 21:27:58:406
3.313;-4.3413;-8.1487;28008;2021-05-03 21:27:58:456
3.313;-4.3413;-8.1487;28057;2021-05-03 21:27:58:505
3.4159;-4.3054;-8.2708;28108;2021-05-03 21:27:58:556
3.4159;-4.3054;-8.2708;28158;2021-05-03 21:27:58:606
3.2435;-4.2479;-8.2301;28208;2021-05-03 21:27:58:656
3.2435;-4.2479;-8.2301;28258;2021-05-03 21:27:58:706
3.2316;-4.279;-8.163;28308;2021-05-03 21:27:58:756
3.2316;-4.279;-8.163;28358;2021-05-03 21:27:58:806
3.2316;-4.279;-8.163;28408;2021-05-03 21:27:58:856
3.301;-4.2551;-8.1918;28457;2021-05-03 21:27:58:905
3.3776;-4.2862;-8.1918;28507;2021-05-03 21:27:58:955
3.3776;-4.2862;-8.1918;28557;2021-05-03 21:27:59:005
3.3776;-4.2862;-8.1918;28608;2021-05-03 21:27:59:056
3.2819;-4.2814;-8.1989;28658;2021-05-03 21:27:59:106
3.2819;-4.2814;-8.1989;28708;2021-05-03 21:27:59:156
3.2603;-4.2503;-8.1846;28758;2021-05-03 21:27:59:206
3.2603;-4.2503;-8.1846;28808;2021-05-03 21:27:59:256
3.3034;-4.2383;-8.1822;28858;2021-05-03 21:27:59:306
3.3034;-4.2383;-8.1822;28908;2021-05-03 21:27:59:356
3.3369;-4.3293;-8.2013;28957;2021-05-03 21:27:59:405
3.3369;-4.3293;-8.2013;29007;2021-05-03 21:27:59:455
3.2268;-4.2216;-8.1104;29058;2021-05-03 21:27:59:506
3.2268;-4.2216;-8.1104;29108;2021-05-03 21:27:59:556
3.2962;-4.2431;-8.1511;29157;2021-05-03 21:27:59:605
3.2962;-4.2431;-8.1511;29208;2021-05-03 21:27:59:656
3.2699;-4.6765;-8.0601;29258;2021-05-03 21:27:59:706
3.2699;-4.6765;-8.0601;29308;2021-05-03 21:27:59:756
3.5213;-3.9295;-7.9835;29357;2021-05-03 21:27:59:805
3.5213;-3.9295;-7.9835;29407;2021-05-03 21:27:59:855
3.1741;-3.9223;-8.3594;29458;2021-05-03 21:27:59:906
3.1741;-3.9223;-8.3594;29508;2021-05-03 21:27:59:956
3.2771;-4.6358;-7.9978;29558;2021-05-03 21:28:00:006
3.2771;-4.6358;-7.9978;29608;2021-05-03 21:28:00:056
3.8996;-4.6262;-7.3849;29658;2021-05-03 21:28:00:106
3.8996;-4.6262;-7.3849;29708;2021-05-03 21:28:00:156
3.4111;-4.1809;-7.6986;29757;2021-05-03 21:28:00:205
3.4111;-4.1809;-7.6986;29807;2021-05-03 21:28:00:255
4.1294;-3.568;-7.7824;29858;2021-05-03 21:28:00:306
4.3568;-4.0372;-7.033;29908;2021-05-03 21:28:00:356
4.3568;-4.0372;-7.033;29957;2021-05-03 21:28:00:405
6.7127;-5.105;-6.8917;30008;2021-05-03 21:28:00:456
6.7127;-5.105;-6.8917;30058;2021-05-03 21:28:00:506
3.9355;-6.7259;-4.5765;30108;2021-05-03 21:28:00:556
3.9355;-6.7259;-4.5765;30157;2021-05-03 21:28:00:605
5.1876;-8.2295;-4.9835;30208;2021-05-03 21:28:00:656
5.1876;-8.2295;-4.9835;30258;2021-05-03 21:28:00:706
2.7575;-9.0986;-4.5191;30308;2021-05-03 21:28:00:756
2.7575;-9.0986;-4.5191;30358;2021-05-03 21:28:00:806
2.2715;-8.5599;-3.9588;30408;2021-05-03 21:28:00:856
2.2715;-8.5599;-3.9588;30458;2021-05-03 21:28:00:906
0.234;-9.5295;-2.9892;30508;2021-05-03 21:28:00:956
0.234;-9.5295;-2.9892;30558;2021-05-03 21:28:01:006
-2.4355;-7.4633;-3.2022;30608;2021-05-03 21:28:01:056
-2.4355;-7.4633;-3.2022;30658;2021-05-03 21:28:01:106
-3.1633;-6.5655;-2.4241;30708;2021-05-03 21:28:01:156
-3.1633;-6.5655;-2.4241;30758;2021-05-03 21:28:01:206
-5.6413;-8.2702;0.3603;30808;2021-05-03 21:28:01:256
-5.6413;-8.2702;0.3603;30858;2021-05-03 21:28:01:306
-6.5344;-7.3532;0.1975;30907;2021-05-03 21:28:01:355
-6.5344;-7.3532;0.1975;30957;2021-05-03 21:28:01:405
-6.6134;-8.1193;0.0922;31008;2021-05-03 21:28:01:456
-6.6134;-8.1193;0.0922;31058;2021-05-03 21:28:01:506
-8.0164;-9.8791;-1.1624;31108;2021-05-03 21:28:01:556
-8.0164;-9.8791;-1.1624;31158;2021-05-03 21:28:01:606
-4.0707;-7.662;-2.1775;31208;2021-05-03 21:28:01:656
-4.0707;-7.662;-2.1775;31257;2021-05-03 21:28:01:705
-5.5216;-11.4808;-0.0132;31308;2021-05-03 21:28:01:756
-5.5216;-11.4808;-0.0132;31358;2021-05-03 21:28:01:806
-2.3589;-6.1824;1.5359;31408;2021-05-03 21:28:01:856
-2.3589;-6.1824;1.5359;31458;2021-05-03 21:28:01:906
-5.1793;-6.2495;-2.8072;31508;2021-05-03 21:28:01:956
-5.1793;-6.2495;-2.8072;31558;2021-05-03 21:28:02:006
-5.8736;-10.7266;-8.0385;31608;2021-05-03 21:28:02:056
-5.8736;-10.7266;-8.0385;31658;2021-05-03 21:28:02:106
-4.3628;-12.3762;0.662;31708;2021-05-03 21:28:02:156
-4.3628;-12.3762;0.662;31758;2021-05-03 21:28:02:206
-4.5472;-7.4298;0.9972;31808;2021-05-03 21:28:02:256
-4.5472;-7.4298;0.9972;31858;2021-05-03 21:28:02:306
-6.6038;-7.8033;-0.1856;31908;2021-05-03 21:28:02:356
-6.6038;-7.8033;-0.1856;31958;2021-05-03 21:28:02:406
-5.1433;-7.0036;-0.4776;32007;2021-05-03 21:28:02:455
-5.1433;-7.0036;-0.4776;32058;2021-05-03 21:28:02:506
-4.9973;-8.3492;-0.8487;32108;2021-05-03 21:28:02:556
-4.9973;-8.3492;-0.8487;32158;2021-05-03 21:28:02:606
-6.1226;-9.3667;-4.3778;32207;2021-05-03 21:28:02:655
-6.1226;-9.3667;-4.3778;32258;2021-05-03 21:28:02:706
-7.4944;-9.6061;-0.1161;32308;2021-05-03 21:28:02:756
-7.4944;-9.6061;-0.1161;32358;2021-05-03 21:28:02:806
-5.457;-11.5191;0.9062;32408;2021-05-03 21:28:02:856
-5.457;-11.5191;0.9062;32458;2021-05-03 21:28:02:906
-3.5057;-5.4737;-0.9517;32507;2021-05-03 21:28:02:955
-3.5057;-5.4737;-0.9517;32557;2021-05-03 21:28:03:005
-3.4123;-7.5782;-0.6021;32608;2021-05-03 21:28:03:056
-3.4123;-7.5782;-0.6021;32658;2021-05-03 21:28:03:106
-5.548;-8.0427;-5.2852;32707;2021-05-03 21:28:03:155
-5.548;-8.0427;-5.2852;32757;2021-05-03 21:28:03:205
-4.1258;-7.7339;-7.0282;32808;2021-05-03 21:28:03:256
-4.1258;-7.7339;-7.0282;32858;2021-05-03 21:28:03:306
-2.1386;-7.2143;1.5646;32908;2021-05-03 21:28:03:356
-2.1386;-7.2143;1.5646;32958;2021-05-03 21:28:03:406
-4.5448;-7.9972;0.1137;33007;2021-05-03 21:28:03:455
-4.5448;-7.9972;0.1137;33057;2021-05-03 21:28:03:505
-5.8592;-7.2862;-0.3388;33108;2021-05-03 21:28:03:556
-5.8592;-7.2862;-0.3388;33158;2021-05-03 21:28:03:606
-5.1697;-8.3564;-1.6149;33208;2021-05-03 21:28:03:656
-5.1697;-8.3564;-1.6149;33258;2021-05-03 21:28:03:706
-4.9686;-7.9972;-2.2757;33307;2021-05-03 21:28:03:755
-4.9686;-7.9972;-2.2757;33357;2021-05-03 21:28:03:805
-6.1776;-10.2406;-2.8287;33407;2021-05-03 21:28:03:855
-6.1776;-10.2406;-2.8287;33458;2021-05-03 21:28:03:906
-6.5487;-11.8615;0.3148;33507;2021-05-03 21:28:03:955
-6.5487;-11.8615;0.3148;33558;2021-05-03 21:28:04:006
-3.0364;-7.0611;1.8735;33608;2021-05-03 21:28:04:056
-3.0364;-7.0611;1.8735;33658;2021-05-03 21:28:04:106
-3.8792;-6.2566;-0.2957;33708;2021-05-03 21:28:04:156
-3.8792;-6.2566;-0.2957;33758;2021-05-03 21:28:04:206
-3.8648;-6.295;-3.0993;33807;2021-05-03 21:28:04:255
-3.8648;-6.295;-3.0993;33858;2021-05-03 21:28:04:306
-3.7906;-8.8065;-6.5733;33907;2021-05-03 21:28:04:355
-3.7906;-8.8065;-6.5733;33957;2021-05-03 21:28:04:405
-5.7515;-13.5087;0.2454;34008;2021-05-03 21:28:04:456
-5.7515;-13.5087;0.2454;34057;2021-05-03 21:28:04:505
-6.6589;-10.1209;0.4609;34107;2021-05-03 21:28:04:555
-6.6589;-10.1209;0.4609;34158;2021-05-03 21:28:04:606
-4.8249;-6.2997;0.0084;34208;2021-05-03 21:28:04:656
-4.8249;-6.2997;0.0084;34258;2021-05-03 21:28:04:706
-4.5232;-7.5232;-0.4848;34308;2021-05-03 21:28:04:756
-4.5232;-7.5232;-0.4848;34358;2021-05-03 21:28:04:806
-6.0005;-10.3986;-1.749;34408;2021-05-03 21:28:04:856
-6.0005;-10.3986;-1.749;34458;2021-05-03 21:28:04:906
-8.2007;-8.6125;-2.9389;34508;2021-05-03 21:28:04:956
-8.2007;-8.6125;-2.9389;34557;2021-05-03 21:28:05:005
-7.2526;-9.8815;0.5231;34608;2021-05-03 21:28:05:056
-7.2526;-9.8815;0.5231;34658;2021-05-03 21:28:05:106
-4.3149;-12.788;1.0523;34708;2021-05-03 21:28:05:156
-4.3149;-12.788;1.0523;34758;2021-05-03 21:28:05:206
-1.1331;-4.9039;0.1018;34808;2021-05-03 21:28:05:256
-1.1331;-4.9039;0.1018;34858;2021-05-03 21:28:05:306
-2.1003;-6.7906;-3.4728;34908;2021-05-03 21:28:05:356
-2.1003;-6.7906;-3.4728;34958;2021-05-03 21:28:05:406
-7.3891;-10.4178;-7.6483;35007;2021-05-03 21:28:05:455
-7.3891;-10.4178;-7.6483;35058;2021-05-03 21:28:05:506
-4.0803;-14.1192;-3.2214;35108;2021-05-03 21:28:05:556
-4.0803;-14.1192;-3.2214;35158;2021-05-03 21:28:05:606
-2.9742;-8.1792;1.33;35208;2021-05-03 21:28:05:656
-2.9742;-8.1792;1.33;35258;2021-05-03 21:28:05:706
-4.3724;-7.0467;0.0826;35308;2021-05-03 21:28:05:756
-4.3724;-7.0467;0.0826;35358;2021-05-03 21:28:05:806
-6.3093;-7.4849;-0.2215;35407;2021-05-03 21:28:05:855
-6.3093;-7.4849;-0.2215;35457;2021-05-03 21:28:05:905
-5.7203;-8.2582;-3.3627;35507;2021-05-03 21:28:05:955
-5.7203;-8.2582;-3.3627;35557;2021-05-03 21:28:06:005
-5.7874;-8.0834;-1.2222;35608;2021-05-03 21:28:06:056
-5.7874;-8.0834;-1.2222;35658;2021-05-03 21:28:06:106
-3.0269;-10.061;-7.7656;35707;2021-05-03 21:28:06:155
-3.0269;-10.061;-7.7656;35757;2021-05-03 21:28:06:205
-4.8536;-13.8726;0.4872;35808;2021-05-03 21:28:06:256
-4.8536;-13.8726;0.4872;35858;2021-05-03 21:28:06:306
-0.7643;-6.3811;0.7219;35908;2021-05-03 21:28:06:356
-0.7643;-6.3811;0.7219;35957;2021-05-03 21:28:06:405
-3.6063;-6.1681;-1.3539;36007;2021-05-03 21:28:06:455
-3.6063;-6.1681;-1.3539;36057;2021-05-03 21:28:06:505
-4.8752;-8.6628;-11.6825;36107;2021-05-03 21:28:06:555
-4.8752;-8.6628;-11.6825;36158;2021-05-03 21:28:06:606
-5.1146;-11.6316;-2.5534;36207;2021-05-03 21:28:06:655
-5.1146;-11.6316;-2.5534;36257;2021-05-03 21:28:06:705
-1.6023;-7.0252;1.4664;36307;2021-05-03 21:28:06:755
-1.6023;-7.0252;1.4664;36358;2021-05-03 21:28:06:806
-4.7842;-7.7267;0.4465;36408;2021-05-03 21:28:06:856
-4.7842;-7.7267;0.4465;36458;2021-05-03 21:28:06:906
-6.2231;-7.7937;-0.0108;36508;2021-05-03 21:28:06:956
-6.2231;-7.7937;-0.0108;36558;2021-05-03 21:28:07:006
-6.9701;-7.3532;-0.5519;36608;2021-05-03 21:28:07:056
-6.9701;-7.3532;-0.5519;36657;2021-05-03 21:28:07:105
-6.0077;-8.6149;-2.2757;36708;2021-05-03 21:28:07:156
-6.0077;-8.6149;-2.2757;36757;2021-05-03 21:28:07:205
-5.5121;-10.5016;-1.7442;36807;2021-05-03 21:28:07:255
-5.5121;-10.5016;-1.7442;36857;2021-05-03 21:28:07:305
-5.3109;-10.6428;1.4473;36908;2021-05-03 21:28:07:356
-5.3109;-10.6428;1.4473;36958;2021-05-03 21:28:07:406
-2.4594;-10.468;0.9685;37008;2021-05-03 21:28:07:456
-2.4594;-10.468;0.9685;37058;2021-05-03 21:28:07:506
-1.9399;-5.5623;-1.2893;37108;2021-05-03 21:28:07:556
-1.9399;-5.5623;-1.2893;37158;2021-05-03 21:28:07:606
-4.4945;-6.3045;-1.5024;37208;2021-05-03 21:28:07:656
-4.4945;-6.3045;-1.5024;37258;2021-05-03 21:28:07:706
-5.9358;-8.6341;-8.1199;37308;2021-05-03 21:28:07:756
-5.9358;-8.6341;-8.1199;37357;2021-05-03 21:28:07:805
-2.979;-10.4728;0.8296;37408;2021-05-03 21:28:07:856
-2.979;-10.4728;0.8296;37458;2021-05-03 21:28:07:906
-4.1402;-8.9669;1.1265;37508;2021-05-03 21:28:07:956
-4.1402;-8.9669;1.1265;37558;2021-05-03 21:28:08:006
-6.3572;-7.4921;-0.0634;37608;2021-05-03 21:28:08:056
-6.3572;-7.4921;-0.0634;37657;2021-05-03 21:28:08:105
-6.532;-7.7937;-0.3029;37707;2021-05-03 21:28:08:155
-6.532;-7.7937;-0.3029;37758;2021-05-03 21:28:08:206
-4.2719;-9.0124;-3.049;37808;2021-05-03 21:28:08:256
-4.2719;-9.0124;-3.049;37858;2021-05-03 21:28:08:306
-5.3923;-10.0993;-1.5119;37908;2021-05-03 21:28:08:356
-5.3923;-10.0993;-1.5119;37958;2021-05-03 21:28:08:406
-6.4195;-9.6899;-0.5543;38007;2021-05-03 21:28:08:455
-6.4195;-9.6899;-0.5543;38057;2021-05-03 21:28:08:505
-7.4873;-10.9924;0.8894;38107;2021-05-03 21:28:08:555
-7.4873;-10.9924;0.8894;38158;2021-05-03 21:28:08:606
-3.9223;-6.5152;-1.2175;38208;2021-05-03 21:28:08:656
-3.9223;-6.5152;-1.2175;38258;2021-05-03 21:28:08:706
-2.6414;-6.9677;0.7841;38308;2021-05-03 21:28:08:756
-2.6414;-6.9677;0.7841;38358;2021-05-03 21:28:08:806
-2.457;-9.0435;-6.3889;38408;2021-05-03 21:28:08:856
-2.457;-9.0435;-6.3889;38457;2021-05-03 21:28:08:905
-7.0539;-7.121;-4.7704;38508;2021-05-03 21:28:08:956
-7.0539;-7.121;-4.7704;38557;2021-05-03 21:28:09:005
-2.2464;-9.2255;1.8064;38608;2021-05-03 21:28:09:056
-2.2464;-9.2255;1.8064;38657;2021-05-03 21:28:09:105
-3.8744;-8.7394;0.6357;38708;2021-05-03 21:28:09:156
-3.8744;-8.7394;0.6357;38758;2021-05-03 21:28:09:206
-6.8696;-8.5694;0.3436;38808;2021-05-03 21:28:09:256
-6.8696;-8.5694;0.3436;38858;2021-05-03 21:28:09:306
-4.3868;-8.1529;-0.662;38907;2021-05-03 21:28:09:355
-4.3868;-8.1529;-0.662;38957;2021-05-03 21:28:09:405
-4.5639;-9.3667;-0.3436;39008;2021-05-03 21:28:09:456
-4.5639;-9.3667;-0.3436;39058;2021-05-03 21:28:09:506
-8.8232;-12.8215;-1.7849;39108;2021-05-03 21:28:09:556
-8.8232;-12.8215;-1.7849;39158;2021-05-03 21:28:09:606
-4.3078;-10.1161;0.8679;39208;2021-05-03 21:28:09:656
-4.3078;-10.1161;0.8679;39258;2021-05-03 21:28:09:706
-4.4538;-7.3149;1.1744;39307;2021-05-03 21:28:09:755
-4.4538;-7.3149;1.1744;39358;2021-05-03 21:28:09:806
-5.2511;-6.4314;-1.4377;39408;2021-05-03 21:28:09:856
-5.2511;-6.4314;-1.4377;39458;2021-05-03 21:28:09:906
-3.7308;-6.1896;-0.8727;39508;2021-05-03 21:28:09:956
-3.7308;-6.1896;-0.8727;39558;2021-05-03 21:28:10:006
-4.4993;-10.6237;-8.8669;39607;2021-05-03 21:28:10:055
-4.4993;-10.6237;-8.8669;39658;2021-05-03 21:28:10:106
-4.528;-12.9915;-0.2861;39707;2021-05-03 21:28:10:155
-3.4506;-7.9685;1.3108;39758;2021-05-03 21:28:10:206
-3.4506;-7.9685;1.3108;39808;2021-05-03 21:28:10:256
-5.548;-10.3052;1.1696;39858;2021-05-03 21:28:10:306
-5.548;-10.3052;1.1696;39908;2021-05-03 21:28:10:356
-4.8824;-7.753;-0.2047;39958;2021-05-03 21:28:10:406
-4.8824;-7.753;-0.2047;40008;2021-05-03 21:28:10:456
-4.9231;-7.8632;-0.5375;40058;2021-05-03 21:28:10:506
-4.9231;-7.8632;-0.5375;40108;2021-05-03 21:28:10:556
-3.3477;-9.2997;-7.4759;40158;2021-05-03 21:28:10:606
-3.3477;-9.2997;-7.4759;40208;2021-05-03 21:28:10:656
-7.6692;-10.4393;-3.1759;40258;2021-05-03 21:28:10:706
-7.6692;-10.4393;-3.1759;40308;2021-05-03 21:28:10:756
-6.7977;-11.4904;0.7602;40357;2021-05-03 21:28:10:805
-6.7977;-11.4904;0.7602;40408;2021-05-03 21:28:10:856
-2.2966;-8.5694;0.5471;40457;2021-05-03 21:28:10:905
-2.2966;-8.5694;0.5471;40508;2021-05-03 21:28:10:956
-1.7388;-5.9358;-0.1616;40557;2021-05-03 21:28:11:005
-1.7388;-5.9358;-0.1616;40607;2021-05-03 21:28:11:055
-3.8601;-7.6764;-5.7329;40657;2021-05-03 21:28:11:105
-3.8601;-7.6764;-5.7329;40708;2021-05-03 21:28:11:156
-3.2304;-9.7618;-6.511;40758;2021-05-03 21:28:11:206
-3.2304;-9.7618;-6.511;40808;2021-05-03 21:28:11:256
-3.7116;-9.7953;1.1337;40858;2021-05-03 21:28:11:306
-3.7116;-9.7953;1.1337;40908;2021-05-03 21:28:11:356
-7.5375;-10.3124;0.7841;40958;2021-05-03 21:28:11:406
-7.5375;-10.3124;0.7841;41008;2021-05-03 21:28:11:456
-5.4546;-6.3859;-0.1999;41058;2021-05-03 21:28:11:506
-5.4546;-6.3859;-0.1999;41107;2021-05-03 21:28:11:555
-4.6645;-8.2151;-0.8176;41158;2021-05-03 21:28:11:606
-4.6645;-8.2151;-0.8176;41208;2021-05-03 21:28:11:656
-3.4267;-10.0227;-6.1711;41258;2021-05-03 21:28:11:706
-3.4267;-10.0227;-6.1711;41308;2021-05-03 21:28:11:756
-8.7011;-8.8256;-1.3563;41358;2021-05-03 21:28:11:806
-8.7011;-8.8256;-1.3563;41408;2021-05-03 21:28:11:856
-5.5791;-9.0842;0.0946;41457;2021-05-03 21:28:11:905
-5.5791;-9.0842;0.0946;41507;2021-05-03 21:28:11:955
-3.5799;-12.9006;0.3484;41557;2021-05-03 21:28:12:005
-3.5799;-12.9006;0.3484;41608;2021-05-03 21:28:12:056
-1.0804;-6.192;0.7841;41658;2021-05-03 21:28:12:106
-1.0804;-6.192;0.7841;41708;2021-05-03 21:28:12:156
-2.9981;-6.4985;-0.9301;41758;2021-05-03 21:28:12:206
-2.9981;-6.4985;-0.9301;41808;2021-05-03 21:28:12:256
-7.9877;-9.7857;-7.1096;41858;2021-05-03 21:28:12:306
-7.9877;-9.7857;-7.1096;41907;2021-05-03 21:28:12:355
-5.4881;-10.4058;0.5734;41958;2021-05-03 21:28:12:406
-5.4881;-10.4058;0.5734;42008;2021-05-03 21:28:12:456
-5.366;-11.8375;0.6859;42058;2021-05-03 21:28:12:506
-5.366;-11.8375;0.6859;42108;2021-05-03 21:28:12:556
-5.3708;-8.4114;-0.073;42158;2021-05-03 21:28:12:606
-5.3708;-8.4114;-0.073;42208;2021-05-03 21:28:12:656
-6.2447;-7.6118;-0.2981;42257;2021-05-03 21:28:12:705
-6.2447;-7.6118;-0.2981;42307;2021-05-03 21:28:12:755
-6.429;-7.7195;-0.5854;42358;2021-05-03 21:28:12:806
-6.429;-7.7195;-0.5854;42408;2021-05-03 21:28:12:856
-5.4713;-9.1848;-1.7298;42458;2021-05-03 21:28:12:906
-5.4713;-9.1848;-1.7298;42508;2021-05-03 21:28:12:956
-4.4921;-10.8942;-1.069;42558;2021-05-03 21:28:13:006
-4.4921;-10.8942;-1.069;42608;2021-05-03 21:28:13:056
-2.4259;-11.5263;1.5239;42657;2021-05-03 21:28:13:105
-2.4259;-11.5263;1.5239;42707;2021-05-03 21:28:13:155
-1.9303;-8.5168;1.1169;42757;2021-05-03 21:28:13:205
-1.9303;-8.5168;1.1169;42807;2021-05-03 21:28:13:255
-4.8752;-6.4482;-1.4569;42858;2021-05-03 21:28:13:306
-4.8752;-6.4482;-1.4569;42908;2021-05-03 21:28:13:356
-5.8353;-6.8791;-6.3602;42958;2021-05-03 21:28:13:406
-5.8353;-6.8791;-6.3602;43007;2021-05-03 21:28:13:455
-5.8808;-9.8575;-4.7417;43057;2021-05-03 21:28:13:505
-5.8808;-9.8575;-4.7417;43108;2021-05-03 21:28:13:556
-2.311;-9.0076;0.5902;43158;2021-05-03 21:28:13:606
-2.311;-9.0076;0.5902;43208;2021-05-03 21:28:13:656
-4.9494;-9.5247;1.0163;43258;2021-05-03 21:28:13:706
-4.9494;-9.5247;1.0163;43308;2021-05-03 21:28:13:756
-6.0292;-7.0587;-0.1257;43357;2021-05-03 21:28:13:805
-6.0292;-7.0587;-0.1257;43409;2021-05-03 21:28:13:857
-6.7427;-8.5024;-0.9445;43457;2021-05-03 21:28:13:905
-6.7427;-8.5024;-0.9445;43507;2021-05-03 21:28:13:955
-4.2;-7.9565;-0.6788;43557;2021-05-03 21:28:14:005
-4.2;-7.9565;-0.6788;43608;2021-05-03 21:28:14:056
-5.2774;-9.168;-0.8607;43658;2021-05-03 21:28:14:106
-5.2774;-9.168;-0.8607;43708;2021-05-03 21:28:14:156
-7.3245;-10.1975;-0.4705;43758;2021-05-03 21:28:14:206
-7.3245;-10.1975;-0.4705;43808;2021-05-03 21:28:14:256
-5.299;-12.9365;0.3268;43857;2021-05-03 21:28:14:305
-5.299;-12.9365;0.3268;43907;2021-05-03 21:28:14:355
-2.0189;-7.255;2.0506;43957;2021-05-03 21:28:14:405
-2.0189;-7.255;2.0506;44008;2021-05-03 21:28:14:456
-4.291;-6.8528;-0.911;44058;2021-05-03 21:28:14:506
-4.291;-6.8528;-0.911;44108;2021-05-03 21:28:14:556
-3.283;-7.6237;-7.2149;44157;2021-05-03 21:28:14:605
-3.283;-7.6237;-7.2149;44207;2021-05-03 21:28:14:655
-3.8553;-8.5168;-4.0785;44257;2021-05-03 21:28:14:705
-3.8553;-8.5168;-4.0785;44308;2021-05-03 21:28:14:756
-4.0205;-10.3172;1.0283;44358;2021-05-03 21:28:14:806
-4.0205;-10.3172;1.0283;44408;2021-05-03 21:28:14:856
-6.2662;-9.2111;0.3029;44458;2021-05-03 21:28:14:906
-6.2662;-9.2111;0.3029;44507;2021-05-03 21:28:14:955
-6.0364;-7.3412;-0.0108;44557;2021-05-03 21:28:15:005
-6.0364;-7.3412;-0.0108;44607;2021-05-03 21:28:15:055
-4.5472;-7.9565;-0.9517;44657;2021-05-03 21:28:15:105
-4.5472;-7.9565;-0.9517;44707;2021-05-03 21:28:15:155
-4.9063;-9.3811;-1.1145;44757;2021-05-03 21:28:15:205
-4.9063;-9.3811;-1.1145;44807;2021-05-03 21:28:15:255
-8.4186;-10.0874;-1.7178;44857;2021-05-03 21:28:15:305
-8.4186;-10.0874;-1.7178;44907;2021-05-03 21:28:15:355
-4.631;-8.3659;0.492;44957;2021-05-03 21:28:15:405
-4.631;-8.3659;0.492;45008;2021-05-03 21:28:15:456
-4.9638;-9.8144;-0.3723;45058;2021-05-03 21:28:15:506
-4.9638;-9.8144;-0.3723;45108;2021-05-03 21:28:15:556
-3.4698;-6.2758;0.1616;45157;2021-05-03 21:28:15:605
-3.4698;-6.2758;0.1616;45208;2021-05-03 21:28:15:656
-1.8872;-7.0396;-1.2773;45258;2021-05-03 21:28:15:706
-1.8872;-7.0396;-1.2773;45308;2021-05-03 21:28:15:756
-7.6812;-8.3899;-4.6938;45358;2021-05-03 21:28:15:806
-7.6812;-8.3899;-4.6938;45408;2021-05-03 21:28:15:856
-4.5137;-12.2422;1.7561;45458;2021-05-03 21:28:15:906
-4.5137;-12.2422;1.7561;45508;2021-05-03 21:28:15:956
-4.212;-9.5487;1.0594;45558;2021-05-03 21:28:16:006
-4.212;-9.5487;1.0594;45608;2021-05-03 21:28:16:056
-5.5216;-7.4609;-0.0275;45657;2021-05-03 21:28:16:105
-5.5216;-7.4609;-0.0275;45708;2021-05-03 21:28:16:156
-4.5376;-9.235;-2.7952;45758;2021-05-03 21:28:16:206
-4.5376;-9.235;-2.7952;45808;2021-05-03 21:28:16:256
-4.0468;-8.84;-1.2725;45857;2021-05-03 21:28:16:305
-4.0468;-8.84;-1.2725;45908;2021-05-03 21:28:16:356
-6.7163;-8.7346;-1.2893;45958;2021-05-03 21:28:16:406
-6.7163;-8.7346;-1.2893;46008;2021-05-03 21:28:16:456
-7.2885;-10.176;-0.5782;46058;2021-05-03 21:28:16:506
-7.2885;-10.176;-0.5782;46107;2021-05-03 21:28:16:555
-6.5583;-13.0107;0.5136;46157;2021-05-03 21:28:16:605
-6.5583;-13.0107;0.5136;46208;2021-05-03 21:28:16:656
-2.6653;-5.4546;-0.9397;46258;2021-05-03 21:28:16:706
-2.6653;-5.4546;-0.9397;46308;2021-05-03 21:28:16:756
-2.9096;-5.9669;0.6381;46358;2021-05-03 21:28:16:806
-2.9096;-5.9669;0.6381;46408;2021-05-03 21:28:16:856
-5.6773;-8.4402;-12.3433;46458;2021-05-03 21:28:16:906
-5.6773;-8.4402;-12.3433;46508;2021-05-03 21:28:16:956
-2.8665;-9.4098;-4.0474;46558;2021-05-03 21:28:17:006
-2.8665;-9.4098;-4.0474;46608;2021-05-03 21:28:17:056
-2.4714;-6.9558;0.99;46657;2021-05-03 21:28:17:105
-2.4714;-6.9558;0.99;46707;2021-05-03 21:28:17:155
-6.6301;-8.8304;0.1329;46758;2021-05-03 21:28:17:206
-6.6301;-8.8304;0.1329;46808;2021-05-03 21:28:17:256
-4.5951;-6.9725;-0.2717;46858;2021-05-03 21:28:17:306
-4.5951;-6.9725;-0.2717;46908;2021-05-03 21:28:17:356
-4.0683;-8.093;-0.7554;46958;2021-05-03 21:28:17:406
-4.0683;-8.093;-0.7554;47008;2021-05-03 21:28:17:456
-5.129;-8.9262;-3.1783;47057;2021-05-03 21:28:17:505
-5.129;-8.9262;-3.1783;47108;2021-05-03 21:28:17:556
-8.8256;-8.8089;-1.4593;47158;2021-05-03 21:28:17:606
-8.8256;-8.8089;-1.4593;47208;2021-05-03 21:28:17:656
-6.1848;-10.6763;0.5471;47258;2021-05-03 21:28:17:706
-6.1848;-10.6763;0.5471;47308;2021-05-03 21:28:17:756
-6.1848;-10.6763;0.5471;47358;2021-05-03 21:28:17:806
-1.9327;-10.3795;1.1432;47407;2021-05-03 21:28:17:855
-1.9327;-10.3795;1.1432;47457;2021-05-03 21:28:17:905
-1.5089;-5.9765;0.7793;47508;2021-05-03 21:28:17:956
-1.5089;-5.9765;0.7793;47558;2021-05-03 21:28:18:006
-3.9415;-6.3452;-2.1416;47608;2021-05-03 21:28:18:056
-3.9415;-6.3452;-2.1416;47658;2021-05-03 21:28:18:106
-7.121;-9.4697;-10.2627;47707;2021-05-03 21:28:18:155
-7.121;-9.4697;-10.2627;47757;2021-05-03 21:28:18:205
-4.0253;-11.9596;-0.6835;47808;2021-05-03 21:28:18:256
-4.0253;-11.9596;-0.6835;47858;2021-05-03 21:28:18:306
-3.1155;-9.9796;2.077;47908;2021-05-03 21:28:18:356
-3.1155;-9.9796;2.077;47958;2021-05-03 21:28:18:406
-4.0013;-6.4386;-0.0227;48007;2021-05-03 21:28:18:455
-4.0013;-6.4386;-0.0227;48057;2021-05-03 21:28:18:505
-6.9007;-8.0954;0.4513;48108;2021-05-03 21:28:18:556
-6.9007;-8.0954;0.4513;48158;2021-05-03 21:28:18:606
-5.7227;-7.698;-0.9637;48208;2021-05-03 21:28:18:656
-5.7227;-7.698;-0.9637;48258;2021-05-03 21:28:18:706
-5.1146;-9.4098;-1.0139;48308;2021-05-03 21:28:18:756
-5.1146;-9.4098;-1.0139;48358;2021-05-03 21:28:18:806
-6.2662;-9.3547;-1.4473;48407;2021-05-03 21:28:18:855
-6.2662;-9.3547;-1.4473;48457;2021-05-03 21:28:18:905
-5.6222;-8.4162;0.2646;48508;2021-05-03 21:28:18:956
-5.6222;-8.4162;0.2646;48558;2021-05-03 21:28:19:006
-3.3716;-14.3826;1.1791;48608;2021-05-03 21:28:19:056
-3.3716;-14.3826;1.1791;48658;2021-05-03 21:28:19:106
-0.7859;-7.0755;0.3364;48707;2021-05-03 21:28:19:155
-0.7859;-7.0755;0.3364;48758;2021-05-03 21:28:19:206
-4.7052;-7.1138;-1.7753;48807;2021-05-03 21:28:19:255
-4.7052;-7.1138;-1.7753;48858;2021-05-03 21:28:19:306
-7.5519;-5.3229;-8.3139;48908;2021-05-03 21:28:19:356
-7.5519;-5.3229;-8.3139;48958;2021-05-03 21:28:19:406
-4.0492;-10.3483;-4.9261;49008;2021-05-03 21:28:19:456
-4.0492;-10.3483;-4.9261;49058;2021-05-03 21:28:19:506
-1.0708;-9.3236;0.8152;49108;2021-05-03 21:28:19:556
-1.0708;-9.3236;0.8152;49158;2021-05-03 21:28:19:606
-5.1505;-8.7897;0.6045;49208;2021-05-03 21:28:19:656
-5.1505;-8.7897;0.6045;49258;2021-05-03 21:28:19:706
-6.86;-7.3915;0.3962;49308;2021-05-03 21:28:19:756
-6.86;-7.3915;0.3962;49358;2021-05-03 21:28:19:806
-6.8121;-7.662;-0.7075;49407;2021-05-03 21:28:19:855
-6.8121;-7.662;-0.7075;49457;2021-05-03 21:28:19:905
-4.9255;-8.4186;-0.7434;49508;2021-05-03 21:28:19:956
-4.9255;-8.4186;-0.7434;49558;2021-05-03 21:28:20:006
-2.2488;-10.9229;-6.2668;49608;2021-05-03 21:28:20:056
-2.2488;-10.9229;-6.2668;49658;2021-05-03 21:28:20:106
-6.1752;-9.247;-1.2941;49707;2021-05-03 21:28:20:155
-6.1752;-9.247;-1.2941;49758;2021-05-03 21:28:20:206
-5.9071;-11.8543;0.3819;49807;2021-05-03 21:28:20:255
-5.9071;-11.8543;0.3819;49858;2021-05-03 21:28:20:306
-3.7715;-7.5543;1.3683;49907;2021-05-03 21:28:20:355
-3.7715;-7.5543;1.3683;49958;2021-05-03 21:28:20:406
-4.2431;-6.8097;-0.413;50008;2021-05-03 21:28:20:456
-4.2431;-6.8097;-0.413;50058;2021-05-03 21:28:20:506
-1.722;-7.6046;-5.2038;50107;2021-05-03 21:28:20:555
-1.722;-7.6046;-5.2038;50157;2021-05-03 21:28:20:605
-6.781;-7.5256;-5.3642;50207;2021-05-03 21:28:20:655
-6.781;-7.5256;-5.3642;50257;2021-05-03 21:28:20:705
-4.1067;-11.737;1.4856;50308;2021-05-03 21:28:20:756
-4.1067;-11.737;1.4856;50357;2021-05-03 21:28:20:805
-2.5863;-7.37;0.5207;50407;2021-05-03 21:28:20:855
-2.5863;-7.37;0.5207;50457;2021-05-03 21:28:20:905
-5.1793;-7.8105;-0.4896;50508;2021-05-03 21:28:20:956
-5.1793;-7.8105;-0.4896;50558;2021-05-03 21:28:21:006
-5.3708;-8.2438;-1.2582;50608;2021-05-03 21:28:21:056
-5.3708;-8.2438;-1.2582;50658;2021-05-03 21:28:21:106
-4.4179;-8.7011;-0.3651;50708;2021-05-03 21:28:21:156
-4.4179;-8.7011;-0.3651;50758;2021-05-03 21:28:21:206
-6.4482;-7.3101;-0.3388;50808;2021-05-03 21:28:21:256
-6.4482;-7.3101;-0.3388;50858;2021-05-03 21:28:21:306
-6.4554;-9.0698;-0.8368;50908;2021-05-03 21:28:21:356
-6.4554;-9.0698;-0.8368;50958;2021-05-03 21:28:21:406
-5.1649;-13.1376;0.7482;51008;2021-05-03 21:28:21:456
-5.1649;-13.1376;0.7482;51058;2021-05-03 21:28:21:506
-2.2488;-6.6397;1.7011;51107;2021-05-03 21:28:21:555
-2.2488;-6.6397;1.7011;51158;2021-05-03 21:28:21:606
-4.8536;-7.2478;-1.9357;51208;2021-05-03 21:28:21:656
-4.8536;-7.2478;-1.9357;51257;2021-05-03 21:28:21:705
-4.2838;-6.3596;-1.172;51308;2021-05-03 21:28:21:756
-4.2838;-6.3596;-1.172;51358;2021-05-03 21:28:21:806
-5.797;-8.6413;-8.8478;51407;2021-05-03 21:28:21:855
-5.797;-8.6413;-8.8478;51457;2021-05-03 21:28:21:905
-3.793;-10.6931;-0.3675;51508;2021-05-03 21:28:21:956
-3.793;-10.6931;-0.3675;51558;2021-05-03 21:28:22:006
-4.7172;-10.9158;0.9182;51607;2021-05-03 21:28:22:055
-4.7172;-10.9158;0.9182;51657;2021-05-03 21:28:22:105
-5.6389;-8.1217;-0.1832;51708;2021-05-03 21:28:22:156
-5.6389;-8.1217;-0.1832;51758;2021-05-03 21:28:22:206
-4.9063;-6.5248;-0.3268;51808;2021-05-03 21:28:22:256
-4.9063;-6.5248;-0.3268;51858;2021-05-03 21:28:22:306
-4.7244;-7.7171;-0.6021;51908;2021-05-03 21:28:22:356
-4.7244;-7.7171;-0.6021;51958;2021-05-03 21:28:22:406
-6.1106;-9.4673;-2.3978;52008;2021-05-03 21:28:22:456
-6.1106;-9.4673;-2.3978;52057;2021-05-03 21:28:22:505
-5.7395;-8.16;-0.9301;52108;2021-05-03 21:28:22:556
-5.7395;-8.16;-0.9301;52158;2021-05-03 21:28:22:606
-6.611;-13.5063;1.2893;52208;2021-05-03 21:28:22:656
-6.611;-13.5063;1.2893;52258;2021-05-03 21:28:22:706
-1.971;-5.1936;0.5638;52308;2021-05-03 21:28:22:756
-1.971;-5.1936;0.5638;52358;2021-05-03 21:28:22:806
-3.2184;-8.6939;0.6716;52408;2021-05-03 21:28:22:856
-3.2184;-8.6939;0.6716;52458;2021-05-03 21:28:22:906
-3.2687;-8.2414;-7.0306;52508;2021-05-03 21:28:22:956
-3.2687;-8.2414;-7.0306;52557;2021-05-03 21:28:23:005
-4.6956;-6.8959;-5.5773;52608;2021-05-03 21:28:23:056
-4.6956;-6.8959;-5.5773;52658;2021-05-03 21:28:23:106
-4.4299;-12.5055;1.1145;52707;2021-05-03 21:28:23:155
-4.4299;-12.5055;1.1145;52757;2021-05-03 21:28:23:205
-4.6861;-9.2973;0.923;52808;2021-05-03 21:28:23:256
-4.6861;-9.2973;0.923;52858;2021-05-03 21:28:23:306
-5.3732;-7.03;-0.2598;52908;2021-05-03 21:28:23:356
-5.3732;-7.03;-0.2598;52958;2021-05-03 21:28:23:406
-5.2247;-7.4178;-0.5255;53008;2021-05-03 21:28:23:456
-5.2247;-7.4178;-0.5255;53058;2021-05-03 21:28:23:506
-4.892;-9.3308;-3.1639;53108;2021-05-03 21:28:23:556
-4.892;-9.3308;-3.1639;53158;2021-05-03 21:28:23:606
-8.3324;-9.5271;-1.3707;53208;2021-05-03 21:28:23:656
-8.3324;-9.5271;-1.3707;53258;2021-05-03 21:28:23:706
-4.7627;-8.84;0.2167;53308;2021-05-03 21:28:23:756
-4.7627;-8.84;0.2167;53358;2021-05-03 21:28:23:806
-3.4961;-10.8391;0.0874;53407;2021-05-03 21:28:23:855
-3.4961;-10.8391;0.0874;53458;2021-05-03 21:28:23:906
-2.3685;-7.3364;1.0092;53508;2021-05-03 21:28:23:956
-2.3685;-7.3364;1.0092;53558;2021-05-03 21:28:24:006
-4.133;-5.0332;-5.4839;53607;2021-05-03 21:28:24:055
-4.133;-5.0332;-5.4839;53657;2021-05-03 21:28:24:105
-5.3588;-6.7786;-3.6284;53708;2021-05-03 21:28:24:156
-5.3588;-6.7786;-3.6284;53758;2021-05-03 21:28:24:206
-3.8241;-11.0211;-3.8247;53808;2021-05-03 21:28:24:256
-3.8241;-11.0211;-3.8247;53858;2021-05-03 21:28:24:306
-2.3421;-11.5933;1.6029;53908;2021-05-03 21:28:24:356
-2.3421;-11.5933;1.6029;53958;2021-05-03 21:28:24:406
-2.9479;-9.1177;1.3132;54008;2021-05-03 21:28:24:456
-2.9479;-9.1177;1.3132;54057;2021-05-03 21:28:24:505
-5.9071;-8.7227;0.3915;54108;2021-05-03 21:28:24:556
-5.9071;-8.7227;0.3915;54158;2021-05-03 21:28:24:606
-7.2048;-7.9254;0.2622;54207;2021-05-03 21:28:24:655
-7.2048;-7.9254;0.2622;54257;2021-05-03 21:28:24:705
-6.6158;-7.2814;-0.5614;54308;2021-05-03 21:28:24:756
-6.6158;-7.2814;-0.5614;54358;2021-05-03 21:28:24:806
-5.797;-9.5223;-3.1711;54408;2021-05-03 21:28:24:856
-5.797;-9.5223;-3.1711;54458;2021-05-03 21:28:24:906
-4.1474;-9.5942;0.3891;54507;2021-05-03 21:28:24:955
-4.1474;-9.5942;0.3891;54558;2021-05-03 21:28:25:006
-2.9526;-11.6747;1.5622;54608;2021-05-03 21:28:25:056
-2.9526;-11.6747;1.5622;54658;2021-05-03 21:28:25:106
-2.402;-7.8488;-1.7633;54708;2021-05-03 21:28:25:156
-2.402;-7.8488;-1.7633;54758;2021-05-03 21:28:25:206
-4.0348;-7.9302;-1.0666;54807;2021-05-03 21:28:25:255
-4.0348;-7.9302;-1.0666;54858;2021-05-03 21:28:25:306
-4.3126;-6.1657;-3.2549;54908;2021-05-03 21:28:25:356
-4.3126;-6.1657;-3.2549;54958;2021-05-03 21:28:25:406
-6.2064;-9.8887;-4.8782;55008;2021-05-03 21:28:25:456
-6.2064;-9.8887;-4.8782;55058;2021-05-03 21:28:25:506
-1.9974;-10.4345;-3.3603;55108;2021-05-03 21:28:25:556
-1.9974;-10.4345;-3.3603;55157;2021-05-03 21:28:25:605
-4.6142;-9.1584;0.8416;55208;2021-05-03 21:28:25:656
-4.6142;-9.1584;0.8416;55258;2021-05-03 21:28:25:706
-5.0859;-7.8296;0.3268;55308;2021-05-03 21:28:25:756
-5.0859;-7.8296;0.3268;55358;2021-05-03 21:28:25:806
-6.453;-7.8177;-0.6045;55407;2021-05-03 21:28:25:855
-6.453;-7.8177;-0.6045;55457;2021-05-03 21:28:25:905
-5.2463;-8.8328;-0.8703;55508;2021-05-03 21:28:25:956
-5.2463;-8.8328;-0.8703;55558;2021-05-03 21:28:26:006
-4.971;-8.9501;-0.0084;55608;2021-05-03 21:28:26:056
-4.971;-8.9501;-0.0084;55658;2021-05-03 21:28:26:106
-7.3436;-10.2502;-3.1113;55708;2021-05-03 21:28:26:156
-7.3436;-10.2502;-3.1113;55757;2021-05-03 21:28:26:205
-3.6542;-8.1169;0.3819;55807;2021-05-03 21:28:26:255
-3.6542;-8.1169;0.3819;55857;2021-05-03 21:28:26:305
-4.303;-11.5837;0.7865;55907;2021-05-03 21:28:26:355
-4.303;-11.5837;0.7865;55958;2021-05-03 21:28:26:406
-3.0149;-6.4195;-0.7266;56008;2021-05-03 21:28:26:456
-3.0149;-6.4195;-0.7266;56058;2021-05-03 21:28:26:506
-3.0939;-6.2112;-0.9948;56108;2021-05-03 21:28:26:556
-3.0939;-6.2112;-0.9948;56157;2021-05-03 21:28:26:605
-7.4442;-9.6804;-8.6227;56208;2021-05-03 21:28:26:656
-7.4442;-9.6804;-8.6227;56258;2021-05-03 21:28:26:706
-1.6167;-9.022;-1.4497;56307;2021-05-03 21:28:26:755
-1.6167;-9.022;-1.4497;56358;2021-05-03 21:28:26:806
-2.706;-7.6644;1.3348;56407;2021-05-03 21:28:26:855
-2.706;-7.6644;1.3348;56458;2021-05-03 21:28:26:906
-6.1082;-8.5479;0.0898;56508;2021-05-03 21:28:26:956
-6.1082;-8.5479;0.0898;56558;2021-05-03 21:28:27:006
-5.9406;-7.7554;-0.5758;56607;2021-05-03 21:28:27:055
-5.9406;-7.7554;-0.5758;56658;2021-05-03 21:28:27:106
-4.3676;-7.9158;-0.48;56708;2021-05-03 21:28:27:156
-4.3676;-7.9158;-0.48;56758;2021-05-03 21:28:27:206
-4.6166;-10.6285;-1.2055;56807;2021-05-03 21:28:27:255
-4.6166;-10.6285;-1.2055;56858;2021-05-03 21:28:27:306
-6.5128;-8.8975;-0.9756;56908;2021-05-03 21:28:27:356
-6.5128;-8.8975;-0.9756;56957;2021-05-03 21:28:27:405
-7.1521;-11.385;0.7865;57008;2021-05-03 21:28:27:456
-7.1521;-11.385;0.7865;57058;2021-05-03 21:28:27:506
-4.4586;-7.1952;0.3316;57110;2021-05-03 21:28:27:558
-4.4586;-7.1952;0.3316;57158;2021-05-03 21:28:27:606
-3.7691;-8.1361;0.6213;57207;2021-05-03 21:28:27:655
-3.7691;-8.1361;0.6213;57258;2021-05-03 21:28:27:706
-0.6566;-7.2502;-3.377;57308;2021-05-03 21:28:27:756
-9.0267;-8.6868;-10.0353;57358;2021-05-03 21:28:27:806
-9.0267;-8.6868;-10.0353;57407;2021-05-03 21:28:27:855
-6.2088;-6.6924;-2.8551;57458;2021-05-03 21:28:27:906
-6.2088;-6.6924;-2.8551;57508;2021-05-03 21:28:27:956
-3.6829;-12.0339;0.7769;57558;2021-05-03 21:28:28:006
-3.6829;-12.0339;0.7769;57607;2021-05-03 21:28:28:055
-3.6877;-9.6229;0.7242;57658;2021-05-03 21:28:28:106
-3.6877;-9.6229;0.7242;57708;2021-05-03 21:28:28:156
-5.5049;-8.5718;0.1305;57758;2021-05-03 21:28:28:206
-5.5049;-8.5718;0.1305;57808;2021-05-03 21:28:28:256
-5.5192;-9.1824;-1.2175;57858;2021-05-03 21:28:28:306
-5.5192;-9.1824;-1.2175;57908;2021-05-03 21:28:28:356
-4.0971;-7.8081;-0.1808;57958;2021-05-03 21:28:28:406
-4.0971;-7.8081;-0.1808;58007;2021-05-03 21:28:28:455
-6.2327;-8.8424;0.1401;58058;2021-05-03 21:28:28:506
-6.2327;-8.8424;0.1401;58108;2021-05-03 21:28:28:556
-4.5137;-9.8049;-5.776;58158;2021-05-03 21:28:28:606
-4.5137;-9.8049;-5.776;58207;2021-05-03 21:28:28:655
-5.9406;-13.1855;0.7171;58258;2021-05-03 21:28:28:706
-5.9406;-13.1855;0.7171;58308;2021-05-03 21:28:28:756
-3.6829;-5.2654;-0.5854;58358;2021-05-03 21:28:28:806
-3.6829;-5.2654;-0.5854;58407;2021-05-03 21:28:28:855
-4.3772;-5.3157;-0.322;58458;2021-05-03 21:28:28:906
-4.3772;-5.3157;-0.322;58508;2021-05-03 21:28:28:956
-2.1075;-8.4545;-7.0401;58558;2021-05-03 21:28:29:006
-2.1075;-8.4545;-7.0401;58608;2021-05-03 21:28:29:056
-6.1633;-7.4011;-4.4329;58658;2021-05-03 21:28:29:106
-6.1633;-7.4011;-4.4329;58707;2021-05-03 21:28:29:155
-4.2479;-9.7282;1.1456;58758;2021-05-03 21:28:29:206
-4.2479;-9.7282;1.1456;58808;2021-05-03 21:28:29:256
-5.4474;-9.9964;0.7003;58857;2021-05-03 21:28:29:305
-5.4474;-9.9964;0.7003;58908;2021-05-03 21:28:29:356
-4.9255;-7.4705;-0.1927;58958;2021-05-03 21:28:29:406
-4.9255;-7.4705;-0.1927;59008;2021-05-03 21:28:29:456
-4.3557;-7.7722;-0.3795;59057;2021-05-03 21:28:29:505
-4.3557;-7.7722;-0.3795;59108;2021-05-03 21:28:29:556
-5.6342;-8.9884;-0.346;59158;2021-05-03 21:28:29:606
-5.6342;-8.9884;-0.346;59208;2021-05-03 21:28:29:656
-7.8129;-9.7618;-4.7896;59258;2021-05-03 21:28:29:706
-7.8129;-9.7618;-4.7896;59307;2021-05-03 21:28:29:755
-6.3452;-9.3356;0.7027;59358;2021-05-03 21:28:29:806
-6.3452;-9.3356;0.7027;59408;2021-05-03 21:28:29:856
-3.5751;-13.3195;1.7083;59458;2021-05-03 21:28:29:906
-3.5751;-13.3195;1.7083;59507;2021-05-03 21:28:29:955
-1.6646;-5.5121;-0.9158;59557;2021-05-03 21:28:30:005
-1.6646;-5.5121;-0.9158;59608;2021-05-03 21:28:30:056
-2.0141;-6.8576;-3.5686;59658;2021-05-03 21:28:30:106
-2.0141;-6.8576;-3.5686;59707;2021-05-03 21:28:30:155
-4.1881;-8.7059;-2.8503;59758;2021-05-03 21:28:30:206
-4.1881;-8.7059;-2.8503;59808;2021-05-03 21:28:30:256
-6.1633;-11.0115;-6.3123;59857;2021-05-03 21:28:30:305
-6.1633;-11.0115;-6.3123;59907;2021-05-03 21:28:30:355
-0.726;-7.8847;2.3882;59958;2021-05-03 21:28:30:406
-0.726;-7.8847;2.3882;60007;2021-05-03 21:28:30:455
-3.137;-7.5256;0.8847;60058;2021-05-03 21:28:30:506
-3.137;-7.5256;0.8847;60108;2021-05-03 21:28:30:556
-6.4841;-8.8687;-0.2574;60158;2021-05-03 21:28:30:606
-6.4841;-8.8687;-0.2574;60208;2021-05-03 21:28:30:656
-7.3173;-7.6764;-0.0491;60258;2021-05-03 21:28:30:706
-7.3173;-7.6764;-0.0491;60308;2021-05-03 21:28:30:756
-6.532;-8.4665;-0.8296;60358;2021-05-03 21:28:30:806
-6.532;-8.4665;-0.8296;60407;2021-05-03 21:28:30:855
-5.6749;-10.9804;0.0299;60458;2021-05-03 21:28:30:906
-5.6749;-10.9804;0.0299;60508;2021-05-03 21:28:30:956
-2.9335;-9.3428;0.8942;60558;2021-05-03 21:28:31:006
-2.9335;-9.3428;0.8942;60607;2021-05-03 21:28:31:055
-2.7779;-12.9748;1.397;60658;2021-05-03 21:28:31:106
-2.7779;-12.9748;1.397;60708;2021-05-03 21:28:31:156
-2.1123;-5.7515;-3.0011;60758;2021-05-03 21:28:31:206
-2.1123;-5.7515;-3.0011;60808;2021-05-03 21:28:31:256
-3.2998;-6.5296;-1.6652;60858;2021-05-03 21:28:31:306
-3.2998;-6.5296;-1.6652;60907;2021-05-03 21:28:31:355
-5.2654;-8.7011;-7.2963;60958;2021-05-03 21:28:31:406
-5.2654;-8.7011;-7.2963;61008;2021-05-03 21:28:31:456
-2.6318;-10.6045;-4.3874;61057;2021-05-03 21:28:31:505
-2.6318;-10.6045;-4.3874;61107;2021-05-03 21:28:31:555
-3.9438;-9.7354;1.4617;61159;2021-05-03 21:28:31:607
-3.9438;-9.7354;1.4617;61208;2021-05-03 21:28:31:656
-5.2391;-8.4473;0.4058;61258;2021-05-03 21:28:31:706
-5.2391;-8.4473;0.4058;61307;2021-05-03 21:28:31:755
-5.9119;-7.5878;0.0467;61358;2021-05-03 21:28:31:806
-5.9119;-7.5878;0.0467;61408;2021-05-03 21:28:31:856
-6.3764;-7.9781;-1.0139;61459;2021-05-03 21:28:31:907
-6.3764;-7.9781;-1.0139;61507;2021-05-03 21:28:31:955
-4.8824;-9.6349;-3.3722;61558;2021-05-03 21:28:32:006
-4.8824;-9.6349;-3.3722;61608;2021-05-03 21:28:32:056
-6.2973;-9.0387;-0.9661;61657;2021-05-03 21:28:32:105
-6.2973;-9.0387;-0.9661;61707;2021-05-03 21:28:32:155
-5.3876;-9.1034;0.7458;61758;2021-05-03 21:28:32:206
-5.3876;-9.1034;0.7458;61808;2021-05-03 21:28:32:256
-3.9486;-10.5518;0.7793;61858;2021-05-03 21:28:32:306
-3.9486;-10.5518;0.7793;61908;2021-05-03 21:28:32:356
-2.5887;-6.5583;0.4154;61958;2021-05-03 21:28:32:406
-2.5887;-6.5583;0.4154;62008;2021-05-03 21:28:32:456
-3.0795;-6.3548;-1.8878;62057;2021-05-03 21:28:32:505
-3.0795;-6.3548;-1.8878;62107;2021-05-03 21:28:32:555
-5.8401;-9.0818;-6.9037;62157;2021-05-03 21:28:32:605
-5.8401;-9.0818;-6.9037;62208;2021-05-03 21:28:32:656
-4.9303;-11.804;-5.5318;62258;2021-05-03 21:28:32:706
-4.9303;-11.804;-5.5318;62307;2021-05-03 21:28:32:755
-1.327;-7.0324;1.4545;62358;2021-05-03 21:28:32:806
-1.327;-7.0324;1.4545;62408;2021-05-03 21:28:32:856
-5.1098;-7.9996;0.3077;62457;2021-05-03 21:28:32:905
-5.1098;-7.9996;0.3077;62508;2021-05-03 21:28:32:956
-6.7163;-8.3037;0.5902;62558;2021-05-03 21:28:33:006
-6.7163;-8.3037;0.5902;62608;2021-05-03 21:28:33:056
-5.1625;-9.0291;0.6117;62658;2021-05-03 21:28:33:106
-5.1625;-9.0291;0.6117;62707;2021-05-03 21:28:33:155
-4.4107;-9.575;0.1018;62758;2021-05-03 21:28:33:206
-4.4107;-9.575;0.1018;62808;2021-05-03 21:28:33:256
-7.1664;-10.5279;-2.2637;62858;2021-05-03 21:28:33:306
-7.1664;-10.5279;-2.2637;62907;2021-05-03 21:28:33:355
-5.9909;-11.9788;1.1696;62958;2021-05-03 21:28:33:406
-5.9909;-11.9788;1.1696;63008;2021-05-03 21:28:33:456
-3.9055;-6.927;0.2861;63058;2021-05-03 21:28:33:506
-3.9055;-6.927;0.2861;63107;2021-05-03 21:28:33:555
-2.9335;-7.164;1.3467;63158;2021-05-03 21:28:33:606
-2.9335;-7.164;1.3467;63208;2021-05-03 21:28:33:656
-2.4714;-8.4689;-5.5222;63258;2021-05-03 21:28:33:706
-2.4714;-8.4689;-5.5222;63308;2021-05-03 21:28:33:756
-4.7722;-8.2726;-5.5917;63358;2021-05-03 21:28:33:806
-4.7722;-8.2726;-5.5917;63408;2021-05-03 21:28:33:856
-5.5719;-11.5454;1.3707;63457;2021-05-03 21:28:33:905
-5.5719;-11.5454;1.3707;63507;2021-05-03 21:28:33:955
-5.0883;-8.7275;0.4872;63558;2021-05-03 21:28:34:006
-5.0883;-8.7275;0.4872;63608;2021-05-03 21:28:34:056
-4.9446;-7.9446;-0.6907;63658;2021-05-03 21:28:34:106
-4.9446;-7.9446;-0.6907;63708;2021-05-03 21:28:34:156
-4.6262;-6.6876;-6.705;63758;2021-05-03 21:28:34:206
-4.6262;-6.6876;-6.705;63808;2021-05-03 21:28:34:256
-0.3741;-6.6924;-2.709;63858;2021-05-03 21:28:34:306
-0.3741;-6.6924;-2.709;63908;2021-05-03 21:28:34:356
-14.7728;-27.6656;-12.0153;63957;2021-05-03 21:28:34:405
-14.7728;-27.6656;-12.0153;64007;2021-05-03 21:28:34:455
3.0281;3.2699;-4.5214;64058;2021-05-03 21:28:34:506
3.0281;3.2699;-4.5214;64107;2021-05-03 21:28:34:555
0.2436;-3.1083;-4.2246;64158;2021-05-03 21:28:34:606
0.2436;-3.1083;-4.2246;64208;2021-05-03 21:28:34:656
-3.0436;-3.2591;-7.6315;64257;2021-05-03 21:28:34:705
-3.0436;-3.2591;-7.6315;64308;2021-05-03 21:28:34:756
1.2133;-5.9023;-6.3434;64358;2021-05-03 21:28:34:806
1.2133;-5.9023;-6.3434;64408;2021-05-03 21:28:34:856
0.6794;-9.5822;-2.575;64458;2021-05-03 21:28:34:906
0.6794;-9.5822;-2.575;64508;2021-05-03 21:28:34:956
0.8422;-16.6618;2.7904;64558;2021-05-03 21:28:35:006
0.8422;-16.6618;2.7904;64608;2021-05-03 21:28:35:056
8.6137;-3.2854;-2.1416;64657;2021-05-03 21:28:35:105
8.6137;-3.2854;-2.1416;64707;2021-05-03 21:28:35:155
28.5694;-7.911;13.9163;64758;2021-05-03 21:28:35:206
28.5694;-7.911;13.9163;64808;2021-05-03 21:28:35:256
1.23;-1.4922;4.7992;64858;2021-05-03 21:28:35:306
1.23;-1.4922;4.7992;64908;2021-05-03 21:28:35:356
4.3377;-1.2336;1.2989;64957;2021-05-03 21:28:35:405
4.3377;-1.2336;1.2989;65008;2021-05-03 21:28:35:456
13.28;-9.0148;9.0776;65058;2021-05-03 21:28:35:506
13.28;-9.0148;9.0776;65107;2021-05-03 21:28:35:555
1.1031;1.2971;1.6915;65158;2021-05-03 21:28:35:606
1.1031;1.2971;1.6915;65208;2021-05-03 21:28:35:656
6.9019;-1.7196;11.6586;65258;2021-05-03 21:28:35:706
6.9019;-1.7196;11.6586;65310;2021-05-03 21:28:35:758
5.87;-10.468;9.1614;65358;2021-05-03 21:28:35:806
5.87;-10.468;9.1614;65408;2021-05-03 21:28:35:856
1.9267;-3.2184;10.1885;65458;2021-05-03 21:28:35:906
1.9267;-3.2184;10.1885;65507;2021-05-03 21:28:35:955
0.653;-6.3572;9.5277;65558;2021-05-03 21:28:36:006
1.7017;-4.5496;8.9962;65608;2021-05-03 21:28:36:056
1.7017;-4.5496;8.9962;65658;2021-05-03 21:28:36:106
1.6945;-4.0636;9.6259;65708;2021-05-03 21:28:36:156
1.6945;-4.0636;9.6259;65758;2021-05-03 21:28:36:206
2.0369;-3.9008;8.9411;65808;2021-05-03 21:28:36:256
2.0369;-3.9008;8.9411;65857;2021-05-03 21:28:36:305
2.1231;-3.7356;8.5581;65908;2021-05-03 21:28:36:356
2.1231;-3.7356;8.5581;65958;2021-05-03 21:28:36:406
1.8022;-3.9391;8.8981;66008;2021-05-03 21:28:36:456
1.8022;-3.9391;8.8981;66057;2021-05-03 21:28:36:505
1.5101;-3.9534;8.8957;66108;2021-05-03 21:28:36:556
1.5101;-3.9534;8.8957;66158;2021-05-03 21:28:36:606
1.5389;-3.8648;8.8406;66208;2021-05-03 21:28:36:656
1.5389;-3.8648;8.8406;66258;2021-05-03 21:28:36:706
1.5508;-3.8098;8.9292;66308;2021-05-03 21:28:36:756
1.5508;-3.8098;8.9292;66358;2021-05-03 21:28:36:806
1.5317;-3.8002;8.8573;66407;2021-05-03 21:28:36:855
1.5317;-3.8002;8.8573;66458;2021-05-03 21:28:36:906
1.5077;-3.7403;8.9076;66508;2021-05-03 21:28:36:956
1.5077;-3.7403;8.9076;66558;2021-05-03 21:28:37:006
1.4168;-3.7044;8.9962;66608;2021-05-03 21:28:37:056
1.4168;-3.7044;8.9962;66657;2021-05-03 21:28:37:105
1.4024;-3.702;8.9962;66708;2021-05-03 21:28:37:156
1.4024;-3.702;8.9962;66758;2021-05-03 21:28:37:206
1.3856;-3.647;9.0058;66808;2021-05-03 21:28:37:256
1.3856;-3.647;9.0058;66858;2021-05-03 21:28:37:306
1.3521;-3.6637;9.0058;66908;2021-05-03 21:28:37:356
1.3521;-3.6637;9.0058;66957;2021-05-03 21:28:37:405
1.3425;-3.6565;8.9388;67008;2021-05-03 21:28:37:456
1.3425;-3.6565;8.9388;67058;2021-05-03 21:28:37:506
1.3018;-3.5919;9.0633;67108;2021-05-03 21:28:37:556
1.3018;-3.5919;9.0633;67158;2021-05-03 21:28:37:606
1.2659;-3.5799;9.0513;67208;2021-05-03 21:28:37:656
1.2659;-3.5799;9.0513;67257;2021-05-03 21:28:37:705
1.2444;-3.5823;9.0225;67308;2021-05-03 21:28:37:756
1.2444;-3.5823;9.0225;67358;2021-05-03 21:28:37:806
1.2061;-3.5392;9.0896;67408;2021-05-03 21:28:37:856
1.2061;-3.5392;9.0896;67458;2021-05-03 21:28:37:906
1.1821;-3.5608;9.068;67508;2021-05-03 21:28:37:956
1.1821;-3.5608;9.068;67557;2021-05-03 21:28:38:005
1.1941;-3.5249;9.0896;67608;2021-05-03 21:28:38:056
1.1941;-3.5249;9.0896;67658;2021-05-03 21:28:38:106
1.1917;-3.5153;9.0633;67707;2021-05-03 21:28:38:155
1.1917;-3.5153;9.0633;67758;2021-05-03 21:28:38:206
1.1893;-3.5129;9.0513;67808;2021-05-03 21:28:38:256
1.1893;-3.5129;9.0513;67857;2021-05-03 21:28:38:305
1.1773;-3.4674;9.092;67908;2021-05-03 21:28:38:356
1.1773;-3.4674;9.092;67958;2021-05-03 21:28:38:406
1.151;-3.5081;9.0968;68008;2021-05-03 21:28:38:456
1.151;-3.5081;9.0968;68058;2021-05-03 21:28:38:506
1.1845;-3.465;9.0393;68108;2021-05-03 21:28:38:556
1.1845;-3.465;9.0393;68157;2021-05-03 21:28:38:605
1.1678;-3.532;9.0393;68208;2021-05-03 21:28:38:656
1.1678;-3.532;9.0393;68258;2021-05-03 21:28:38:706
1.1965;-3.5704;8.9914;68307;2021-05-03 21:28:38:755
1.1965;-3.5704;8.9914;68358;2021-05-03 21:28:38:806
1.163;-3.556;8.9675;68408;2021-05-03 21:28:38:856
1.163;-3.556;8.9675;68458;2021-05-03 21:28:38:906
1.0816;-3.3261;9.1351;68507;2021-05-03 21:28:38:955
1.0816;-3.3261;9.1351;68558;2021-05-03 21:28:39:006
0.8829;-3.5177;9.2021;68608;2021-05-03 21:28:39:056
0.8829;-3.5177;9.2021;68658;2021-05-03 21:28:39:106
1.0457;-3.4123;9.0656;68707;2021-05-03 21:28:39:155
1.0457;-3.4123;9.0656;68758;2021-05-03 21:28:39:206
1.0624;-3.4435;9.1231;68807;2021-05-03 21:28:39:255
1.0624;-3.4435;9.1231;68858;2021-05-03 21:28:39:306
1.06;-3.5225;9.0992;68908;2021-05-03 21:28:39:356
1.06;-3.5225;9.0992;68958;2021-05-03 21:28:39:406
1.2037;-3.4506;9.0944;69007;2021-05-03 21:28:39:455
1.2037;-3.4506;9.0944;69058;2021-05-03 21:28:39:506
1.1199;-3.3645;9.1925;69108;2021-05-03 21:28:39:556
1.1199;-3.3645;9.1925;69157;2021-05-03 21:28:39:605
1.084;-3.3453;9.1854;69208;2021-05-03 21:28:39:656
1.084;-3.3453;9.1854;69258;2021-05-03 21:28:39:706
1.0433;-3.3046;9.2045;69307;2021-05-03 21:28:39:755
1.0433;-3.3046;9.2045;69358;2021-05-03 21:28:39:806
1.0576;-3.2807;9.2213;69408;2021-05-03 21:28:39:856
1.0576;-3.2807;9.2213;69458;2021-05-03 21:28:39:906
1.0624;-3.2807;9.2045;69508;2021-05-03 21:28:39:956
1.0624;-3.2807;9.2045;69558;2021-05-03 21:28:40:006
1.0888;-3.3429;9.1447;69608;2021-05-03 21:28:40:056
1.0888;-3.3429;9.1447;69657;2021-05-03 21:28:40:105
1.1031;-3.3573;9.1447;69708;2021-05-03 21:28:40:156
1.1031;-3.3573;9.1447;69758;2021-05-03 21:28:40:206
1.0792;-3.2711;9.1877;69808;2021-05-03 21:28:40:256
1.0792;-3.2711;9.1877;69857;2021-05-03 21:28:40:305
0.9954;-3.2711;9.2093;69908;2021-05-03 21:28:40:356
0.9954;-3.2711;9.2093;69958;2021-05-03 21:28:40:406
0.9667;-3.2543;9.1997;70007;2021-05-03 21:28:40:455
0.9667;-3.2543;9.1997;70058;2021-05-03 21:28:40:506
0.9738;-3.216;9.2045;70107;2021-05-03 21:28:40:555
0.9738;-3.216;9.2045;70158;2021-05-03 21:28:40:606
0.9738;-3.1538;9.238;70208;2021-05-03 21:28:40:656
0.9738;-3.1538;9.238;70258;2021-05-03 21:28:40:706
0.8877;-3.1107;9.2883;70307;2021-05-03 21:28:40:755
0.8877;-3.1107;9.2883;70358;2021-05-03 21:28:40:806
0.8422;-3.1035;9.3314;70408;2021-05-03 21:28:40:856
0.8422;-3.1035;9.3314;70457;2021-05-03 21:28:40:905
0.8948;-3.0915;9.3242;70507;2021-05-03 21:28:40:955
0.8948;-3.0915;9.3242;70558;2021-05-03 21:28:41:006
0.9427;-3.2878;9.0513;70607;2021-05-03 21:28:41:055
0.9427;-3.2878;9.0513;70658;2021-05-03 21:28:41:106
0.9643;-3.3668;9.2285;70707;2021-05-03 21:28:41:155
0.9643;-3.3668;9.2285;70758;2021-05-03 21:28:41:206
0.993;-3.544;9.183;70807;2021-05-03 21:28:41:255
0.993;-3.544;9.183;70858;2021-05-03 21:28:41:306
0.9762;-3.7667;8.9579;70908;2021-05-03 21:28:41:356
0.9762;-3.7667;8.9579;70958;2021-05-03 21:28:41:406
1.0792;-3.9917;8.9938;71007;2021-05-03 21:28:41:455
1.0792;-3.9917;8.9938;71058;2021-05-03 21:28:41:506
1.2755;-4.2599;8.6682;71108;2021-05-03 21:28:41:556
1.2755;-4.2599;8.6682;71157;2021-05-03 21:28:41:605
1.558;-4.4658;8.6395;71208;2021-05-03 21:28:41:656
1.558;-4.4658;8.6395;71258;2021-05-03 21:28:41:706
1.6346;-4.9231;8.503;71308;2021-05-03 21:28:41:756
1.6346;-4.9231;8.503;71357;2021-05-03 21:28:41:805
1.9435;-5.4402;8.0433;71408;2021-05-03 21:28:41:856
1.9435;-5.4402;8.0433;71457;2021-05-03 21:28:41:905
2.2356;-5.5695;7.7632;71508;2021-05-03 21:28:41:956
2.2356;-5.5695;7.7632;71558;2021-05-03 21:28:42:006
2.6474;-6.0484;7.7847;71608;2021-05-03 21:28:42:056
2.6474;-6.0484;7.7847;71658;2021-05-03 21:28:42:106
2.985;-5.8329;6.863;71707;2021-05-03 21:28:42:155
2.985;-5.8329;6.863;71758;2021-05-03 21:28:42:206
3.4351;-7.0276;6.3889;71808;2021-05-03 21:28:42:256
3.4351;-7.0276;6.3889;71857;2021-05-03 21:28:42:305
3.4111;-5.9478;7.0306;71908;2021-05-03 21:28:42:356
3.4111;-5.9478;7.0306;71958;2021-05-03 21:28:42:406
3.3896;-6.8504;6.5781;72007;2021-05-03 21:28:42:455
3.3896;-6.8504;6.5781;72058;2021-05-03 21:28:42:506
3.5524;-7.0731;5.9245;72108;2021-05-03 21:28:42:556
3.5524;-7.0731;5.9245;72157;2021-05-03 21:28:42:605
3.5021;-6.8384;6.0992;72208;2021-05-03 21:28:42:656
3.5021;-6.8384;6.0992;72258;2021-05-03 21:28:42:706
5.2044;-6.7403;5.1511;72308;2021-05-03 21:28:42:756
5.2044;-6.7403;5.1511;72357;2021-05-03 21:28:42:805
4.206;-6.6684;6.2381;72409;2021-05-03 21:28:42:857
4.206;-6.6684;6.2381;72458;2021-05-03 21:28:42:906
4.309;-7.1233;5.3546;72507;2021-05-03 21:28:42:955
4.309;-7.1233;5.3546;72558;2021-05-03 21:28:43:006
4.2946;-7.0946;5.0961;72609;2021-05-03 21:28:43:057
4.2946;-7.0946;5.0961;72658;2021-05-03 21:28:43:106
4.6633;-7.0587;5.1392;72708;2021-05-03 21:28:43:156
4.6633;-7.0587;5.1392;72758;2021-05-03 21:28:43:206
4.6872;-7.2957;4.7369;72808;2021-05-03 21:28:43:256
4.6872;-7.2957;4.7369;72857;2021-05-03 21:28:43:305
3.6266;-5.8281;5.7928;72908;2021-05-03 21:28:43:356
3.6266;-5.8281;5.7928;72958;2021-05-03 21:28:43:406
5.8556;-6.1561;7.0832;73008;2021-05-03 21:28:43:456
5.8556;-6.1561;7.0832;73058;2021-05-03 21:28:43:506
4.4095;-7.2766;4.4137;73108;2021-05-03 21:28:43:556
4.4095;-7.2766;4.4137;73158;2021-05-03 21:28:43:606
4.5795;-6.8648;6.8103;73207;2021-05-03 21:28:43:655
4.5795;-6.8648;6.8103;73258;2021-05-03 21:28:43:706
0.5596;-0.4483;6.6786;73307;2021-05-03 21:28:43:755
0.5596;-0.4483;6.6786;73358;2021-05-03 21:28:43:806
10.4812;-11.6532;0.7266;73408;2021-05-03 21:28:43:856
10.4812;-11.6532;0.7266;73457;2021-05-03 21:28:43:905
7.0264;-8.093;1.1935;73508;2021-05-03 21:28:43:956
7.0264;-8.093;1.1935;73558;2021-05-03 21:28:44:006
5.8317;-5.8185;1.4425;73608;2021-05-03 21:28:44:056
5.8317;-5.8185;1.4425;73658;2021-05-03 21:28:44:106
7.0144;-8.0786;2.0626;73708;2021-05-03 21:28:44:156
7.0144;-8.0786;2.0626;73757;2021-05-03 21:28:44:205
5.9681;-11.2126;-1.4497;73808;2021-05-03 21:28:44:256
3.0161;-10.4896;-1.8375;73857;2021-05-03 21:28:44:305
2.2332;-9.7163;-0.4441;73908;2021-05-03 21:28:44:356
2.2332;-9.7163;-0.4441;73957;2021-05-03 21:28:44:405
0.258;-11.5167;-1.8998;74008;2021-05-03 21:28:44:456
0.258;-11.5167;-1.8998;74058;2021-05-03 21:28:44:506
-1.1426;-8.421;-0.0898;74108;2021-05-03 21:28:44:556
-1.1426;-8.421;-0.0898;74158;2021-05-03 21:28:44:606
-5.7778;-3.8098;1.2031;74208;2021-05-03 21:28:44:656
-5.7778;-3.8098;1.2031;74258;2021-05-03 21:28:44:706
-5.7778;-3.8098;1.2031;74307;2021-05-03 21:28:44:755
-2.3158;-4.0085;4.1575;74358;2021-05-03 21:28:44:806
-2.3158;-4.0085;4.1575;74407;2021-05-03 21:28:44:855
-2.2871;-3.1107;5.4672;74458;2021-05-03 21:28:44:906
-2.2871;-3.1107;5.4672;74508;2021-05-03 21:28:44:956
-4.9183;-5.0045;7.6507;74557;2021-05-03 21:28:45:005
-4.9183;-5.0045;7.6507;74608;2021-05-03 21:28:45:056
-3.6494;-5.9837;13.1047;74658;2021-05-03 21:28:45:106
-3.6494;-5.9837;13.1047;74707;2021-05-03 21:28:45:155
-5.8808;3.641;9.578;74758;2021-05-03 21:28:45:206
-5.8808;3.641;9.578;74808;2021-05-03 21:28:45:256
-4.6382;3.9403;7.2652;74858;2021-05-03 21:28:45:306
-4.6382;3.9403;7.2652;74908;2021-05-03 21:28:45:356
-3.5943;3.5548;6.7169;74957;2021-05-03 21:28:45:405
-3.5943;3.5548;6.7169;75008;2021-05-03 21:28:45:456
-0.0485;2.6067;9.3577;75058;2021-05-03 21:28:45:506
-0.0485;2.6067;9.3577;75107;2021-05-03 21:28:45:555
-3.7499;-1.0205;12.8868;75158;2021-05-03 21:28:45:606
-3.7499;-1.0205;12.8868;75208;2021-05-03 21:28:45:656
-3.0293;2.973;10.0784;75258;2021-05-03 21:28:45:706
-3.0293;2.973;10.0784;75308;2021-05-03 21:28:45:756
-2.7731;0.7248;9.6905;75357;2021-05-03 21:28:45:805
-2.7731;0.7248;9.6905;75408;2021-05-03 21:28:45:856